PartnerNumber,Name,Status,NewEngagement,Phone,Website,Address1Street,Address1City,Address1StateProvince,Address1PostalCode,Address1Country,ShortName,PooledFund,DDRequired,DDEACDone,EACReference,GlobalKeyAccount,UNSecretariatEntity,LevyPotentiallyApplies,ReasonForLevyNotApplying,LevyTreatment,PartnerCategory,Discriminator,CreatedBy,CreatedDate,LastModifiedBy,IsDeleted,DeletedBy
1813,CODEMGE Minas Gerais Development Company,Active,Allowed,,,,,,,,CODEMGE,No,Yes,Yes,,FALSE,FALSE,Potentially applies,,Please consult funding source,CODEMGE Minas Gerais Development Company,UNOPSPartner,0,NOW(),0,FALSE,0
1540,Other Donors,Active,Not allowed,,,,,,,,Other Donors,No,Yes,No,,FALSE,FALSE,Potentially applies,,Please consult funding source,Other Donors,UNOPSPartner,0,NOW(),0,FALSE,0
1541,Other Sponsors,Active,Not allowed,,,,,,,,Other Sponsors,No,Yes,No,,FALSE,FALSE,Potentially applies,,Please consult funding source,Other Sponsors,UNOPSPartner,0,NOW(),0,FALSE,0
1586,NIC-Union Europea,Active,Not allowed,,,,,,,,NIC-Union Europea,No,Yes,No,,FALSE,FALSE,Potentially applies,,Please consult funding source,NIC-Union Europea,UNOPSPartner,0,NOW(),0,FALSE,0
1819,BCBRP Meritorious Fire Department of the Republic of Panama,Active,Allowed,,,,,,,,BCBRP,No,Yes,Yes,,FALSE,FALSE,Does not apply,3c) Programme Country,,BCBRP Meritorious Fire Department of the Republic of Panama,UNOPSPartner,0,NOW(),0,FALSE,0
1815,INCAP Institute of Nutrition of Central America and Panama,Active,Allowed,,,,,,,,INCAP,No,Yes,Yes,,FALSE,FALSE,Potentially applies,,Please consult funding source,INCAP Institute of Nutrition of Central America and Panama,UNOPSPartner,0,NOW(),0,FALSE,0
1786,IPM Instituto de Previsión Militar,Active,Allowed,,,,,,,,IPM,No,Yes,Yes,,FALSE,FALSE,Potentially applies,,Please consult funding source,IPM Instituto de Previsión Militar,UNOPSPartner,0,NOW(),0,FALSE,0
1784,Instituto Nacional de Previsión del Magisterio INPREMA,Active,Allowed,,,,,,,,INPREMA,No,Yes,Yes,,FALSE,FALSE,Potentially applies,,Please consult funding source,Instituto Nacional de Previsión del Magisterio INPREMA,UNOPSPartner,0,NOW(),0,FALSE,0
1735,Nippon Foundation,Active,Allowed,,,,,,,,Nippon Foundation,No,Yes,Yes,,FALSE,FALSE,Potentially applies,,Please consult funding source,Nippon Foundation,UNOPSPartner,0,NOW(),0,FALSE,0
1759,AKF Aga Khan Foundation,Active,Allowed,,,,,,,,AKF,No,Yes,Yes,,FALSE,FALSE,Potentially applies,,Please consult funding source,AKF Aga Khan Foundation,UNOPSPartner,0,NOW(),0,FALSE,0
1750,IDOR Instituto D'or De Pesquisa E Ensino,Active,Allowed,,,,,,,,IDOR,No,Yes,Yes,,FALSE,FALSE,Potentially applies,,Please consult funding source,IDOR Instituto D'or De Pesquisa E Ensino,UNOPSPartner,0,NOW(),0,FALSE,0
1456,Mohammed bin Rashid Al Maktoum Foundation,Active,Allowed,,,,,,,,MBRF,No,Yes,No,,FALSE,FALSE,Potentially applies,,Please consult funding source,Mohammed bin Rashid Al Maktoum Foundation,UNOPSPartner,0,NOW(),0,FALSE,0
1664,Omidyar Network,Active,Allowed,,,,,,,,Omidyar Network,No,Yes,No,,FALSE,FALSE,Potentially applies,,Please consult funding source,Omidyar Network,UNOPSPartner,0,NOW(),0,FALSE,0
1598,Doen Foundation,Active,Allowed,,,,,,,,Doen Foundation,No,Yes,No,,FALSE,FALSE,Potentially applies,,Please consult funding source,Doen Foundation,UNOPSPartner,0,NOW(),0,FALSE,0
1767,Wellspring Foundation,Active,Allowed,,,,,,,,Wellspring,No,Yes,Yes,,FALSE,FALSE,Potentially applies,,Please consult funding source,Wellspring Foundation,UNOPSPartner,0,NOW(),0,FALSE,0
1722,REALL Real Equity for All,Active,Allowed,,,,,,,,REALL,No,Yes,Yes,,FALSE,FALSE,Potentially applies,,Please consult funding source,REALL Real Equity for All,UNOPSPartner,0,NOW(),0,FALSE,0
1690,Jordan River Foundation,Active,Allowed,,,,,,,,Jordan River Foundation,No,Yes,No,,FALSE,FALSE,Potentially applies,,Please consult funding source,Jordan River Foundation,UNOPSPartner,0,NOW(),0,FALSE,0
1743,Rockefeller Philanthropy Advisors,Active,Allowed,,,,,,,,RPA,No,Yes,Yes,,FALSE,FALSE,Potentially applies,,Please consult funding source,Rockefeller Philanthropy Advisors,UNOPSPartner,0,NOW(),0,FALSE,0
1146,PeaceNexus Foundation,Active,Not allowed,,,,,,,,PeaceNexus Foundation,No,Yes,No,,FALSE,FALSE,Potentially applies,,Please consult funding source,PeaceNexus Foundation,UNOPSPartner,0,NOW(),0,FALSE,0
1755,Yajilarra Trust,Active,Allowed,,,,,,,,Yajilarra Trust,No,Yes,Yes,,FALSE,FALSE,Potentially applies,,Please consult funding source,Yajilarra Trust,UNOPSPartner,0,NOW(),0,FALSE,0
1455,Bill and Melinda Gates Foundation,Active,Allowed,,,,,,,,Gates Foundation,No,Yes,No,,FALSE,FALSE,Potentially applies,,UNOPS administers,Bill and Melinda Gates Foundation,UNOPSPartner,0,NOW(),0,FALSE,0
1671,CRDF Global Civilian Research and Development Foundation,Active,Allowed,,,,,,,,CRDF,No,Yes,No,,FALSE,FALSE,Potentially applies,,Please consult funding source,CRDF Global Civilian Research and Development Foundation,UNOPSPartner,0,NOW(),0,FALSE,0
1020,Clinton Foundation,Active,Allowed,,,,,,,,Clinton Foundation,No,Yes,No,,FALSE,FALSE,Potentially applies,,Please consult funding source,Clinton Foundation,UNOPSPartner,0,NOW(),0,FALSE,0
1829,Stichting Radio La Benevolencija Humanitarian Tools Foundation,Active,Allowed,,,,,,,,La Benevolencija,No,Yes,Yes,,FALSE,FALSE,Potentially applies,,Please consult funding source,Stichting Radio La Benevolencija Humanitarian Tools Foundation,UNOPSPartner,0,NOW(),0,FALSE,0
1696,IKEA Foundation,Active,Allowed,,,,,,,,Ikea Foundation,No,Yes,No,,FALSE,FALSE,Potentially applies,,Please consult funding source,IKEA Foundation,UNOPSPartner,0,NOW(),0,FALSE,0
1801,Sequoia Climate Fund,Active,Allowed,,,,,,,,Sequoia Climate Fund,No,Yes,Yes,,FALSE,FALSE,Potentially applies,,Please consult funding source,Sequoia Climate Fund,UNOPSPartner,0,NOW(),0,FALSE,0
1816,KAS Konrad-Adenauer-Stiftung,Active,Allowed,,,,,,,,KAS,No,Yes,Yes,,FALSE,FALSE,Potentially applies,,Please consult funding source,KAS Konrad-Adenauer-Stiftung,UNOPSPartner,0,NOW(),0,FALSE,0
1684,EGPAF Elizabeth Glaser Pediatric AIDS Foundation,Active,Allowed,,,,,,,,EGPAF,No,Yes,No,,FALSE,FALSE,Potentially applies,,Please consult funding source,EGPAF Elizabeth Glaser Pediatric AIDS Foundation,UNOPSPartner,0,NOW(),0,FALSE,0
1074,Paul G. Allen Family Foundation,Active,Allowed,,,,,,,,Paul G. Allen Foundation,No,Yes,No,,FALSE,FALSE,Potentially applies,,Please consult funding source,Paul G. Allen Family Foundation,UNOPSPartner,0,NOW(),0,FALSE,0
1580,Ford Foundation,Active,Allowed,,,,,,,,Ford Foundation,No,Yes,No,,FALSE,FALSE,Potentially applies,,Please consult funding source,Ford Foundation,UNOPSPartner,0,NOW(),0,FALSE,0
1147,Petunia Foundation,Active,Allowed,,,,,,,,Petunia Foundation,No,Yes,No,,FALSE,FALSE,Potentially applies,,Please consult funding source,Petunia Foundation,UNOPSPartner,0,NOW(),0,FALSE,0
1772,Purpose Foundation,Active,Allowed,,,,,,,,Purpose Foundation,No,Yes,Yes,,FALSE,FALSE,Potentially applies,,Please consult funding source,Purpose Foundation,UNOPSPartner,0,NOW(),0,FALSE,0
1034,Eli Lilly and Company Foundation,Active,Allowed,,,,,,,,Eli Lilly Foundation,No,Yes,No,,FALSE,FALSE,Potentially applies,,Please consult funding source,Eli Lilly and Company Foundation,UNOPSPartner,0,NOW(),0,FALSE,0
1594,GAP Foundation,Active,Allowed,,,,,,,,GAP Foundation,No,Yes,No,,FALSE,FALSE,Potentially applies,,Please consult funding source,GAP Foundation,UNOPSPartner,0,NOW(),0,FALSE,0
1795,Temasek Foundation,Active,Allowed,,,,,,,,Temasek Foundation,No,Yes,Yes,,FALSE,FALSE,Potentially applies,,Please consult funding source,Temasek Foundation,UNOPSPartner,0,NOW(),0,FALSE,0
1057,Kochon Foundation,Active,Allowed,,,,,,,,Kochon Foundation,No,Yes,No,,FALSE,FALSE,Potentially applies,,Please consult funding source,Kochon Foundation,UNOPSPartner,0,NOW(),0,FALSE,0
1071,Open Society Afghanistan,Active,Allowed,,,,,,,,Open Society Afghanistan,No,Yes,No,,FALSE,FALSE,Potentially applies,,Please consult funding source,Open Society Afghanistan,UNOPSPartner,0,NOW(),0,FALSE,0
1588,United Nations Foundation,Active,Not allowed,,,,,,,,United Nations Foundation,No,Yes,No,,FALSE,FALSE,Potentially applies,,Please consult funding source,United Nations Foundation,UNOPSPartner,0,NOW(),0,FALSE,0
1579,MacArthur Foundation,Active,Allowed,,,,,,,,Mac Arthur Foundation,No,Yes,No,,FALSE,FALSE,Potentially applies,,Please consult funding source,MacArthur Foundation,UNOPSPartner,0,NOW(),0,FALSE,0
1751,WAPCAS Ghana-West Africa Program to Combat AIDS and STI,Active,Allowed,,,,,,,,WAPCAS,No,Yes,Yes,,FALSE,FALSE,Potentially applies,,Please consult funding source,WAPCAS Ghana-West Africa Program to Combat AIDS and STI,UNOPSPartner,0,NOW(),0,FALSE,0
1036,FIND Foundation for Innovative New Diagnostics,Active,Not allowed,,,,,,,,FIND,No,Yes,No,,FALSE,FALSE,Potentially applies,,Please consult funding source,FIND Foundation for Innovative New Diagnostics,UNOPSPartner,0,NOW(),0,FALSE,0
1595,United Nations Foundation,Active,Allowed,,,,,,,,UN Foundation,No,Yes,No,,FALSE,FALSE,Potentially applies,,Please consult funding source,United Nations Foundation,UNOPSPartner,0,NOW(),0,FALSE,0
1727,Chinese Red Cross Foundation,Active,Allowed,,,,,,,,CRCF,No,Yes,Yes,,FALSE,FALSE,Potentially applies,,Please consult funding source,Chinese Red Cross Foundation,UNOPSPartner,0,NOW(),0,FALSE,0
1446,GAIN Global Alliance for Improved Nutrition,Active,Allowed,,,,,,,,GAIN,No,Yes,No,,FALSE,FALSE,Potentially applies,,Please consult funding source,GAIN Global Alliance for Improved Nutrition,UNOPSPartner,0,NOW(),0,FALSE,0
1749,ECEAP Estonian Center for Eastern Partnership,Active,Allowed,,,,,,,,ECEAP,No,Yes,Yes,,FALSE,FALSE,Potentially applies,,Please consult funding source,ECEAP Estonian Center for Eastern Partnership,UNOPSPartner,0,NOW(),0,FALSE,0
1016,CIFF Children's Investment Fund Foundation,Active,Allowed,,,,,,,,CIFF,No,Yes,No,,FALSE,FALSE,Potentially applies,,Please consult funding source,CIFF Children's Investment Fund Foundation,UNOPSPartner,0,NOW(),0,FALSE,0
1768,Quadrature Climate Foundation,Active,Allowed,,,,,,,,QCF,No,Yes,Yes,,FALSE,FALSE,Potentially applies,,Please consult funding source,Quadrature Climate Foundation,UNOPSPartner,0,NOW(),0,FALSE,0
1770,Yemen Famine Relief Fund,Active,Allowed,,,,,,,,Famine Relief Fund,No,Yes,Yes,,FALSE,FALSE,Potentially applies,,Please consult funding source,Yemen Famine Relief Fund,UNOPSPartner,0,NOW(),0,FALSE,0
1645,Walmart Foundation,Active,Allowed,,,,,,,,Walmart Foundation,No,Yes,No,,FALSE,FALSE,Potentially applies,,Please consult funding source,Walmart Foundation,UNOPSPartner,0,NOW(),0,FALSE,0
1585,Rockefeller Foundation,Active,Allowed,,,,,,,,Rockefeller Foundation,No,Yes,No,,FALSE,FALSE,Potentially applies,,Please consult funding source,Rockefeller Foundation,UNOPSPartner,0,NOW(),0,FALSE,0
1748,MAVA Foundation,Active,Allowed,,,,,,,,MAVA Foundation,No,Yes,Yes,,FALSE,FALSE,Potentially applies,,Please consult funding source,MAVA Foundation,UNOPSPartner,0,NOW(),0,FALSE,0
1149,R20 Regions of Climate Action,Active,Allowed,,,,,,,,R20,No,Yes,No,,FALSE,FALSE,Potentially applies,,Please consult funding source,R20 Regions of Climate Action,UNOPSPartner,0,NOW(),0,FALSE,0
1711,Fleming Fund,Active,Allowed,,,,,,,,Fleming Fund,No,Yes,No,,FALSE,FALSE,Potentially applies,,UNOPS administers,UK United Kingdom,UNOPSPartner,0,NOW(),0,FALSE,0
1144,United Kingdom of Great Britain and Northern Ireland,Active,Allowed,,,,,,,,UK,No,Yes,No,,FALSE,FALSE,Potentially applies,,UNOPS administers,UK United Kingdom,UNOPSPartner,0,NOW(),0,FALSE,0
1618,British overseas territory of Montserrat,Active,Allowed,,,,,,,,Montserrat,No,Yes,No,,FALSE,FALSE,Potentially applies,,UNOPS administers,UK United Kingdom,UNOPSPartner,0,NOW(),0,FALSE,0
1613,British overseas territory of Cayman Islands,Active,Allowed,,,,,,,,Cayman Islands,No,Yes,No,,FALSE,FALSE,Does not apply,3c) Programme Country,,UK United Kingdom,UNOPSPartner,0,NOW(),0,FALSE,0
1111,DFID Department For International Development,Active,Not allowed,,,,,,,,DFID,No,Yes,No,,FALSE,FALSE,Potentially applies,,UNOPS administers,UK United Kingdom,UNOPSPartner,0,NOW(),0,FALSE,0
1752,"FCDO Foreign, Commonwealth & Development Office",Active,Allowed,,,,,,,,FCDO,No,No,No,,FALSE,FALSE,Potentially applies,,UNOPS administers,UK United Kingdom,UNOPSPartner,0,NOW(),0,FALSE,0
1610,British overseas territory of Anguilla,Active,Allowed,,,,,,,,Anguilla,No,Yes,No,,FALSE,FALSE,Does not apply,3c) Programme Country,,UK United Kingdom,UNOPSPartner,0,NOW(),0,FALSE,0
1145,United States of America,Active,Allowed,,,,,,,,USA,No,Yes,No,,FALSE,FALSE,Potentially applies,,Please consult funding source,USA United States of America,UNOPSPartner,0,NOW(),0,FALSE,0
1115,USDA United States Department of Agriculture,Active,Allowed,,,,,,,,USDA,No,Yes,No,,FALSE,FALSE,Potentially applies,,Please consult funding source,USA United States of America,UNOPSPartner,0,NOW(),0,FALSE,0
1788,U.S. Department of State’s Bureau of International Narcotics and Law Enforcement Affairs INL,Active,Allowed,,,,,,,,USDOS-INL,No,No,No,,FALSE,FALSE,Potentially applies,,Please consult funding source,USA United States of America,UNOPSPartner,0,NOW(),0,FALSE,0
1112,USAID United States Agency for International Development,Active,Allowed,,,,,,,,USAID,No,Yes,No,,FALSE,FALSE,Potentially applies,,UNOPS administers,USA United States of America,UNOPSPartner,0,NOW(),0,FALSE,0
1642,USDOC United States Department of Commerce,Active,Allowed,,,,,,,,USDOC,No,Yes,No,,FALSE,FALSE,Potentially applies,,Please consult funding source,USA United States of America,UNOPSPartner,0,NOW(),0,FALSE,0
1641,USAID and Affiliated U.S. Agency for International Development and Affiliated,Active,Not allowed,,,,,,,,USAID & Affiliated,No,Yes,No,,FALSE,FALSE,Potentially applies,,UNOPS administers,USA United States of America,UNOPSPartner,0,NOW(),0,FALSE,0
1113,USDOS United States Department of State,Active,Allowed,,,,,,,,USDOS,No,Yes,No,,FALSE,FALSE,Potentially applies,,Please consult funding source,USA United States of America,UNOPSPartner,0,NOW(),0,FALSE,0
1116,OFDA Office of U.S. Foreign Disaster Assistance,Active,Allowed,,,,,,,,OFDA,No,Yes,No,,FALSE,FALSE,Potentially applies,,Please consult funding source,USA United States of America,UNOPSPartner,0,NOW(),0,FALSE,0
1702,CDC United States Centers for Disease Control and Prevention,Active,Allowed,,,,,,,,CDC US,No,Yes,No,,FALSE,FALSE,Potentially applies,,Please consult funding source,USA United States of America,UNOPSPartner,0,NOW(),0,FALSE,0
1114,MCC Millennium Challenge Corporation,Active,Allowed,,,,,,,,MCC,No,Yes,No,,FALSE,FALSE,Potentially applies,,Please consult funding source,USA United States of America,UNOPSPartner,0,NOW(),0,FALSE,0
1266,Italy,Active,Allowed,,,,,,,,Italy,No,Yes,No,,FALSE,FALSE,Potentially applies,,UNOPS administers,Italy,UNOPSPartner,0,NOW(),0,FALSE,0
1268,Albania,Active,Allowed,,,,,,,,Albania,No,Yes,No,,FALSE,FALSE,Does not apply,3c) Programme Country,,Albania,UNOPSPartner,0,NOW(),0,FALSE,0
1269,Algeria,Active,Allowed,,,,,,,,Algeria,No,Yes,No,,FALSE,FALSE,Does not apply,3c) Programme Country,,Algeria,UNOPSPartner,0,NOW(),0,FALSE,0
1270,Andorra,Active,Allowed,,,,,,,,Andorra,No,Yes,No,,FALSE,FALSE,Potentially applies,,Please consult funding source,Andorra,UNOPSPartner,0,NOW(),0,FALSE,0
1271,Angola,Active,Allowed,,,,,,,,Angola,No,Yes,No,,FALSE,FALSE,Does not apply,3c) Programme Country,,Angola,UNOPSPartner,0,NOW(),0,FALSE,0
1272,Antigua and Barbuda,Active,Allowed,,,,,,,,Antigua and Barbuda,No,Yes,No,,FALSE,FALSE,Does not apply,3c) Programme Country,,Antigua and Barbuda,UNOPSPartner,0,NOW(),0,FALSE,0
1273,Argentina,Active,Allowed,,,,,,,,Argentina,No,Yes,No,,FALSE,FALSE,Does not apply,3c) Programme Country,,Argentina,UNOPSPartner,0,NOW(),0,FALSE,0
1274,Armenia,Active,Allowed,,,,,,,,Armenia,No,Yes,No,,FALSE,FALSE,Does not apply,3c) Programme Country,,Armenia,UNOPSPartner,0,NOW(),0,FALSE,0
1275,Azerbaijan,Active,Allowed,,,,,,,,Azerbaijan,No,Yes,No,,FALSE,FALSE,Does not apply,3c) Programme Country,,Azerbaijan,UNOPSPartner,0,NOW(),0,FALSE,0
1276,Bahamas,Active,Allowed,,,,,,,,Bahamas,No,Yes,No,,FALSE,FALSE,Does not apply,3c) Programme Country,,Bahamas,UNOPSPartner,0,NOW(),0,FALSE,0
1277,Bahrain,Active,Allowed,,,,,,,,Bahrain,No,Yes,No,,FALSE,FALSE,Does not apply,3c) Programme Country,,Bahrain,UNOPSPartner,0,NOW(),0,FALSE,0
1278,Bangladesh,Active,Allowed,,,,,,,,Bangladesh,No,Yes,No,,FALSE,FALSE,Does not apply,3c) Programme Country,,Bangladesh,UNOPSPartner,0,NOW(),0,FALSE,0
1279,Barbados,Active,Allowed,,,,,,,,Barbados,No,Yes,No,,FALSE,FALSE,Does not apply,3c) Programme Country,,Barbados,UNOPSPartner,0,NOW(),0,FALSE,0
1280,Belarus,Active,Allowed,,,,,,,,Belarus,No,Yes,No,,FALSE,FALSE,Does not apply,3c) Programme Country,,Belarus,UNOPSPartner,0,NOW(),0,FALSE,0
1281,Belize,Active,Allowed,,,,,,,,Belize,No,Yes,No,,FALSE,FALSE,Does not apply,3c) Programme Country,,Belize,UNOPSPartner,0,NOW(),0,FALSE,0
1282,Benin,Active,Allowed,,,,,,,,Benin,No,Yes,No,,FALSE,FALSE,Does not apply,3c) Programme Country,,Benin,UNOPSPartner,0,NOW(),0,FALSE,0
1283,Bhutan,Active,Allowed,,,,,,,,Bhutan,No,Yes,No,,FALSE,FALSE,Does not apply,3c) Programme Country,,Bhutan,UNOPSPartner,0,NOW(),0,FALSE,0
1284,Bolivia (Plurinational State of),Active,Allowed,,,,,,,,Bolivia,No,Yes,No,,FALSE,FALSE,Does not apply,3c) Programme Country,,Bolivia (Plurinational State of),UNOPSPartner,0,NOW(),0,FALSE,0
1285,Bosnia and Herzegovina,Active,Allowed,,,,,,,,Bosnia and Herzegovina,No,Yes,No,,FALSE,FALSE,Does not apply,3c) Programme Country,,Bosnia and Herzegovina,UNOPSPartner,0,NOW(),0,FALSE,0
1286,Botswana,Active,Allowed,,,,,,,,Botswana,No,Yes,No,,FALSE,FALSE,Does not apply,3c) Programme Country,,Botswana,UNOPSPartner,0,NOW(),0,FALSE,0
1287,Brunei Darussalam,Active,Allowed,,,,,,,,Brunei Darussalam,No,Yes,No,,FALSE,FALSE,Does not apply,3c) Programme Country,,Brunei Darussalam,UNOPSPartner,0,NOW(),0,FALSE,0
1288,Bulgaria,Active,Allowed,,,,,,,,Bulgaria,No,Yes,No,,FALSE,FALSE,Potentially applies,,Please consult funding source,Bulgaria,UNOPSPartner,0,NOW(),0,FALSE,0
1289,Burkina Faso,Active,Allowed,,,,,,,,Burkina Faso,No,Yes,No,,FALSE,FALSE,Does not apply,3c) Programme Country,,Burkina Faso,UNOPSPartner,0,NOW(),0,FALSE,0
1290,Burundi,Active,Allowed,,,,,,,,Burundi,No,Yes,No,,FALSE,FALSE,Does not apply,3c) Programme Country,,Burundi,UNOPSPartner,0,NOW(),0,FALSE,0
1291,Democratic People's Republic of Korea,Active,Allowed,,,,,,,,DPR Korea,No,Yes,No,,FALSE,FALSE,Does not apply,3c) Programme Country,,Democratic People's Republic of Korea,UNOPSPartner,0,NOW(),0,FALSE,0
1292,Cameroon,Active,Allowed,,,,,,,,Cameroon,No,Yes,No,,FALSE,FALSE,Does not apply,3c) Programme Country,,Cameroon,UNOPSPartner,0,NOW(),0,FALSE,0
1293,Cape Verde,Active,Allowed,,,,,,,,Cape Verde,No,Yes,No,,FALSE,FALSE,Does not apply,3c) Programme Country,,Cape Verde,UNOPSPartner,0,NOW(),0,FALSE,0
1294,Central African Republic,Active,Allowed,,,,,,,,Central African Republic,No,Yes,No,,FALSE,FALSE,Does not apply,3c) Programme Country,,Central African Republic,UNOPSPartner,0,NOW(),0,FALSE,0
1295,Chad,Active,Allowed,,,,,,,,Chad,No,Yes,No,,FALSE,FALSE,Does not apply,3c) Programme Country,,Chad,UNOPSPartner,0,NOW(),0,FALSE,0
1296,Chile,Active,Allowed,,,,,,,,Chile,No,Yes,No,,FALSE,FALSE,Does not apply,3c) Programme Country,,Chile,UNOPSPartner,0,NOW(),0,FALSE,0
1297,Colombia,Active,Allowed,,,,,,,,Colombia,No,Yes,No,,FALSE,FALSE,Does not apply,3c) Programme Country,,Colombia,UNOPSPartner,0,NOW(),0,FALSE,0
1298,Comoros,Active,Allowed,,,,,,,,Comoros,No,Yes,No,,FALSE,FALSE,Does not apply,3c) Programme Country,,Comoros,UNOPSPartner,0,NOW(),0,FALSE,0
1299,Cook Islands,Active,Allowed,,,,,,,,Cook Islands,No,Yes,No,,FALSE,FALSE,Does not apply,3c) Programme Country,,Cook Islands,UNOPSPartner,0,NOW(),0,FALSE,0
1300,Democratic Republic of the Congo,Active,Allowed,,,,,,,,DR Congo,No,Yes,No,,FALSE,FALSE,Does not apply,3c) Programme Country,,Democratic Republic of the Congo,UNOPSPartner,0,NOW(),0,FALSE,0
1302,Croatia,Active,Allowed,,,,,,,,Croatia,No,Yes,No,,FALSE,FALSE,Potentially applies,,Please consult funding source,Croatia,UNOPSPartner,0,NOW(),0,FALSE,0
1303,Cuba,Active,Allowed,,,,,,,,Cuba,No,Yes,No,,FALSE,FALSE,Does not apply,3c) Programme Country,,Cuba,UNOPSPartner,0,NOW(),0,FALSE,0
1304,Cyprus,Active,Allowed,,,,,,,,Cyprus,No,Yes,No,,FALSE,FALSE,Potentially applies,,Please consult funding source,Cyprus,UNOPSPartner,0,NOW(),0,FALSE,0
1305,Czechia,Active,Allowed,,,,,,,,Czech Republic,No,Yes,No,,FALSE,FALSE,Potentially applies,,UNOPS administers,Czechia,UNOPSPartner,0,NOW(),0,FALSE,0
1306,Ghana,Active,Allowed,,,,,,,,Ghana,No,Yes,No,,FALSE,FALSE,Does not apply,3c) Programme Country,,Ghana,UNOPSPartner,0,NOW(),0,FALSE,0
1307,Jordan,Active,Allowed,,,,,,,,Jordan,No,Yes,No,,FALSE,FALSE,Does not apply,3c) Programme Country,,Jordan,UNOPSPartner,0,NOW(),0,FALSE,0
1308,Kazakhstan,Active,Allowed,,,,,,,,Kazakhstan,No,Yes,No,,FALSE,FALSE,Does not apply,3c) Programme Country,,Kazakhstan,UNOPSPartner,0,NOW(),0,FALSE,0
1309,Grenada,Active,Allowed,,,,,,,,Grenada,No,Yes,No,,FALSE,FALSE,Does not apply,3c) Programme Country,,Grenada,UNOPSPartner,0,NOW(),0,FALSE,0
1310,Kenya,Active,Allowed,,,,,,,,Kenya,No,Yes,No,,FALSE,FALSE,Does not apply,3c) Programme Country,,Kenya,UNOPSPartner,0,NOW(),0,FALSE,0
1311,Kiribati,Active,Allowed,,,,,,,,Kiribati,No,Yes,No,,FALSE,FALSE,Does not apply,3c) Programme Country,,Kiribati,UNOPSPartner,0,NOW(),0,FALSE,0
1312,Kuwait,Active,Allowed,,,,,,,,Kuwait,No,Yes,No,,FALSE,FALSE,Does not apply,3c) Programme Country,,Kuwait,UNOPSPartner,0,NOW(),0,FALSE,0
1313,Kyrgyzstan,Active,Allowed,,,,,,,,Kyrgyzstan,No,Yes,No,,FALSE,FALSE,Does not apply,3c) Programme Country,,Kyrgyzstan,UNOPSPartner,0,NOW(),0,FALSE,0
1314,Lao People's Democratic Republic,Active,Allowed,,,,,,,,Lao PDR,No,Yes,No,,FALSE,FALSE,Does not apply,3c) Programme Country,,Lao People's Democratic Republic,UNOPSPartner,0,NOW(),0,FALSE,0
1315,Latvia,Active,Allowed,,,,,,,,Latvia,No,Yes,No,,FALSE,FALSE,Potentially applies,,Please consult funding source,Latvia,UNOPSPartner,0,NOW(),0,FALSE,0
1316,Lebanon,Active,Allowed,,,,,,,,Lebanon,No,Yes,No,,FALSE,FALSE,Does not apply,3c) Programme Country,,Lebanon,UNOPSPartner,0,NOW(),0,FALSE,0
1317,Lesotho,Active,Allowed,,,,,,,,Lesotho,No,Yes,No,,FALSE,FALSE,Does not apply,3c) Programme Country,,Lesotho,UNOPSPartner,0,NOW(),0,FALSE,0
1318,Liberia,Active,Allowed,,,,,,,,Liberia,No,Yes,No,,FALSE,FALSE,Does not apply,3c) Programme Country,,Liberia,UNOPSPartner,0,NOW(),0,FALSE,0
1319,Oman,Active,Allowed,,,,,,,,Oman,No,Yes,No,,FALSE,FALSE,Potentially applies,,Please consult funding source,Oman,UNOPSPartner,0,NOW(),0,FALSE,0
1320,Pakistan,Active,Allowed,,,,,,,,Pakistan,No,Yes,No,,FALSE,FALSE,Does not apply,3c) Programme Country,,Pakistan,UNOPSPartner,0,NOW(),0,FALSE,0
1321,Palau,Active,Allowed,,,,,,,,Palau,No,Yes,No,,FALSE,FALSE,Does not apply,3c) Programme Country,,Palau,UNOPSPartner,0,NOW(),0,FALSE,0
1323,Papua New Guinea,Active,Allowed,,,,,,,,Papua New Guinea,No,Yes,No,,FALSE,FALSE,Does not apply,3c) Programme Country,,Papua New Guinea,UNOPSPartner,0,NOW(),0,FALSE,0
1326,Philippines,Active,Allowed,,,,,,,,Philippines,No,Yes,No,,FALSE,FALSE,Does not apply,3c) Programme Country,,Philippines,UNOPSPartner,0,NOW(),0,FALSE,0
1327,Afghanistan,Active,Allowed,,,,,,,,Afghanistan,No,Yes,No,,FALSE,FALSE,Does not apply,3c) Programme Country,,Afghanistan,UNOPSPartner,0,NOW(),0,FALSE,0
1328,Cambodia,Active,Allowed,,,,,,,,Cambodia,No,Yes,No,,FALSE,FALSE,Does not apply,3c) Programme Country,,Cambodia,UNOPSPartner,0,NOW(),0,FALSE,0
1329,Côte d'Ivoire,Active,Allowed,,,,,,,,Côte d'Ivoire,No,Yes,No,,FALSE,FALSE,Does not apply,3c) Programme Country,,Côte d'Ivoire,UNOPSPartner,0,NOW(),0,FALSE,0
1330,Congo,Active,Allowed,,,,,,,,Congo,No,Yes,No,,FALSE,FALSE,Does not apply,3c) Programme Country,,Congo,UNOPSPartner,0,NOW(),0,FALSE,0
1331,Djibouti,Active,Allowed,,,,,,,,Djibouti,No,Yes,No,,FALSE,FALSE,Does not apply,3c) Programme Country,,Djibouti,UNOPSPartner,0,NOW(),0,FALSE,0
1332,Dominica,Active,Allowed,,,,,,,,Dominica,No,Yes,No,,FALSE,FALSE,Does not apply,3c) Programme Country,,Dominica,UNOPSPartner,0,NOW(),0,FALSE,0
1333,Dominican Republic,Active,Allowed,,,,,,,,Dominican Republic,No,Yes,No,,FALSE,FALSE,Does not apply,3c) Programme Country,,Dominican Republic,UNOPSPartner,0,NOW(),0,FALSE,0
1334,Ecuador,Active,Allowed,,,,,,,,Ecuador,No,Yes,No,,FALSE,FALSE,Does not apply,3c) Programme Country,,Ecuador,UNOPSPartner,0,NOW(),0,FALSE,0
1335,Egypt,Active,Allowed,,,,,,,,Egypt,No,Yes,No,,FALSE,FALSE,Does not apply,3c) Programme Country,,Egypt,UNOPSPartner,0,NOW(),0,FALSE,0
1336,El Salvador,Active,Allowed,,,,,,,,El Salvador,No,Yes,No,,FALSE,FALSE,Does not apply,3c) Programme Country,,El Salvador,UNOPSPartner,0,NOW(),0,FALSE,0
1337,Equatorial Guinea,Active,Allowed,,,,,,,,Equatorial Guinea,No,Yes,No,,FALSE,FALSE,Does not apply,3c) Programme Country,,Equatorial Guinea,UNOPSPartner,0,NOW(),0,FALSE,0
1338,Eritrea,Active,Allowed,,,,,,,,Eritrea,No,Yes,No,,FALSE,FALSE,Does not apply,3c) Programme Country,,Eritrea,UNOPSPartner,0,NOW(),0,FALSE,0
1340,Estonia,Active,Allowed,,,,,,,,Estonia,No,Yes,No,,FALSE,FALSE,Potentially applies,,Please consult funding source,Estonia,UNOPSPartner,0,NOW(),0,FALSE,0
1342,Fiji,Active,Allowed,,,,,,,,Fiji,No,Yes,No,,FALSE,FALSE,Does not apply,3c) Programme Country,,Fiji,UNOPSPartner,0,NOW(),0,FALSE,0
1343,Haiti,Active,Allowed,,,,,,,,Haiti,No,Yes,No,,FALSE,FALSE,Does not apply,3c) Programme Country,,Haiti,UNOPSPartner,0,NOW(),0,FALSE,0
1345,Iraq,Active,Allowed,,,,,,,,Iraq,No,Yes,No,,FALSE,FALSE,Does not apply,3c) Programme Country,,Iraq,UNOPSPartner,0,NOW(),0,FALSE,0
1346,Gabon,Active,Allowed,,,,,,,,Gabon,No,Yes,No,,FALSE,FALSE,Does not apply,3c) Programme Country,,Gabon,UNOPSPartner,0,NOW(),0,FALSE,0
1347,Gambia,Active,Allowed,,,,,,,,Gambia,No,Yes,No,,FALSE,FALSE,Does not apply,3c) Programme Country,,Gambia,UNOPSPartner,0,NOW(),0,FALSE,0
1348,Georgia,Active,Allowed,,,,,,,,Georgia,No,Yes,No,,FALSE,FALSE,Does not apply,3c) Programme Country,,Georgia,UNOPSPartner,0,NOW(),0,FALSE,0
1349,Guatemala,Active,Allowed,,,,,,,,Guatemala,No,Yes,No,,FALSE,FALSE,Does not apply,3c) Programme Country,,Guatemala,UNOPSPartner,0,NOW(),0,FALSE,0
1350,Guinea,Active,Allowed,,,,,,,,Guinea,No,Yes,No,,FALSE,FALSE,Does not apply,3c) Programme Country,,Guinea,UNOPSPartner,0,NOW(),0,FALSE,0
1351,Guyana,Active,Allowed,,,,,,,,Guyana,No,Yes,No,,FALSE,FALSE,Does not apply,3c) Programme Country,,Guyana,UNOPSPartner,0,NOW(),0,FALSE,0
1352,Indonesia,Active,Allowed,,,,,,,,Indonesia,No,Yes,No,,FALSE,FALSE,Does not apply,3c) Programme Country,,Indonesia,UNOPSPartner,0,NOW(),0,FALSE,0
1353,Jamaica,Active,Allowed,,,,,,,,Jamaica,No,Yes,No,,FALSE,FALSE,Does not apply,3c) Programme Country,,Jamaica,UNOPSPartner,0,NOW(),0,FALSE,0
1354,Lithuania,Active,Allowed,,,,,,,,Lithuania,No,Yes,No,,FALSE,FALSE,Potentially applies,,Please consult funding source,Lithuania,UNOPSPartner,0,NOW(),0,FALSE,0
1355,Iran (Islamic Republic of),Active,Allowed,,,,,,,,Iran,No,Yes,No,,FALSE,FALSE,Does not apply,3c) Programme Country,,Iran (Islamic Republic of),UNOPSPartner,0,NOW(),0,FALSE,0
1356,Holy See,Active,Allowed,,,,,,,,Holy See,No,Yes,No,,FALSE,FALSE,Potentially applies,,Please consult funding source,Holy See,UNOPSPartner,0,NOW(),0,FALSE,0
1358,Hungary,Active,Allowed,,,,,,,,Hungary,No,Yes,No,,FALSE,FALSE,Potentially applies,,UNOPS administers,Hungary,UNOPSPartner,0,NOW(),0,FALSE,0
1359,Kosovo (under UNSCR 1244/99),Active,Allowed,,,,,,,,Kosovo,No,Yes,No,,FALSE,FALSE,Does not apply,3c) Programme Country,,Kosovo (under UNSCR 1244/99),UNOPSPartner,0,NOW(),0,FALSE,0
1360,Madagascar,Active,Allowed,,,,,,,,Madagascar,No,Yes,No,,FALSE,FALSE,Does not apply,3c) Programme Country,,Madagascar,UNOPSPartner,0,NOW(),0,FALSE,0
1361,Malawi,Active,Allowed,,,,,,,,Malawi,No,Yes,No,,FALSE,FALSE,Does not apply,3c) Programme Country,,Malawi,UNOPSPartner,0,NOW(),0,FALSE,0
1362,Malaysia,Active,Allowed,,,,,,,,Malaysia,No,Yes,No,,FALSE,FALSE,Does not apply,3c) Programme Country,,Malaysia,UNOPSPartner,0,NOW(),0,FALSE,0
1363,Maldives,Active,Allowed,,,,,,,,Maldives,No,Yes,No,,FALSE,FALSE,Does not apply,3c) Programme Country,,Maldives,UNOPSPartner,0,NOW(),0,FALSE,0
1364,Mali,Active,Allowed,,,,,,,,Mali,No,Yes,No,,FALSE,FALSE,Does not apply,3c) Programme Country,,Mali,UNOPSPartner,0,NOW(),0,FALSE,0
1365,Malta,Active,Allowed,,,,,,,,Malta,No,Yes,No,,FALSE,FALSE,Potentially applies,,Please consult funding source,Malta,UNOPSPartner,0,NOW(),0,FALSE,0
1366,Marshall Islands,Active,Allowed,,,,,,,,Marshall Islands,No,Yes,No,,FALSE,FALSE,Does not apply,3c) Programme Country,,Marshall Islands,UNOPSPartner,0,NOW(),0,FALSE,0
1367,Mauritania,Active,Allowed,,,,,,,,Mauritania,No,Yes,No,,FALSE,FALSE,Does not apply,3c) Programme Country,,Mauritania,UNOPSPartner,0,NOW(),0,FALSE,0
1368,Mauritius,Active,Allowed,,,,,,,,Mauritius,No,Yes,No,,FALSE,FALSE,Does not apply,3c) Programme Country,,Mauritius,UNOPSPartner,0,NOW(),0,FALSE,0
1369,Mexico,Active,Allowed,,,,,,,,Mexico,No,Yes,No,,FALSE,FALSE,Does not apply,3c) Programme Country,,Mexico,UNOPSPartner,0,NOW(),0,FALSE,0
1370,Micronesia (Federated States of),Active,Allowed,,,,,,,,Micronesia,No,Yes,No,,FALSE,FALSE,Does not apply,3c) Programme Country,,Micronesia (Federated States of),UNOPSPartner,0,NOW(),0,FALSE,0
1372,South Sudan,Active,Allowed,,,,,,,,South Sudan,No,Yes,No,,FALSE,FALSE,Does not apply,3c) Programme Country,,South Sudan,UNOPSPartner,0,NOW(),0,FALSE,0
1373,Monaco,Active,Allowed,,,,,,,,Monaco,No,Yes,No,,FALSE,FALSE,Potentially applies,,UNOPS administers,Monaco,UNOPSPartner,0,NOW(),0,FALSE,0
1374,Montenegro,Active,Allowed,,,,,,,,Montenegro,No,Yes,No,,FALSE,FALSE,Does not apply,3c) Programme Country,,Montenegro,UNOPSPartner,0,NOW(),0,FALSE,0
1376,Mozambique,Active,Allowed,,,,,,,,Mozambique,No,Yes,No,,FALSE,FALSE,Does not apply,3c) Programme Country,,Mozambique,UNOPSPartner,0,NOW(),0,FALSE,0
1377,Namibia,Active,Allowed,,,,,,,,Namibia,No,Yes,No,,FALSE,FALSE,Does not apply,3c) Programme Country,,Namibia,UNOPSPartner,0,NOW(),0,FALSE,0
1378,Nauru,Active,Allowed,,,,,,,,Nauru,No,Yes,No,,FALSE,FALSE,Does not apply,3c) Programme Country,,Nauru,UNOPSPartner,0,NOW(),0,FALSE,0
1379,Niger,Active,Allowed,,,,,,,,Niger,No,Yes,No,,FALSE,FALSE,Does not apply,3c) Programme Country,,Niger,UNOPSPartner,0,NOW(),0,FALSE,0
1380,Nepal,Active,Allowed,,,,,,,,Nepal,No,Yes,No,,FALSE,FALSE,Does not apply,3c) Programme Country,,Nepal,UNOPSPartner,0,NOW(),0,FALSE,0
1381,Mongolia,Active,Allowed,,,,,,,,Mongolia,No,Yes,No,,FALSE,FALSE,Does not apply,3c) Programme Country,,Mongolia,UNOPSPartner,0,NOW(),0,FALSE,0
1382,Myanmar,Active,Allowed,,,,,,,,Myanmar,No,Yes,No,,FALSE,FALSE,Does not apply,3c) Programme Country,,Myanmar,UNOPSPartner,0,NOW(),0,FALSE,0
1383,Nicaragua,Active,Allowed,,,,,,,,Nicaragua,No,Yes,No,,FALSE,FALSE,Does not apply,3c) Programme Country,,Nicaragua,UNOPSPartner,0,NOW(),0,FALSE,0
1384,Nigeria,Active,Allowed,,,,,,,,Nigeria,No,Yes,No,,FALSE,FALSE,Does not apply,3c) Programme Country,,Nigeria,UNOPSPartner,0,NOW(),0,FALSE,0
1385,Republic of Moldova,Active,Allowed,,,,,,,,Moldova,No,Yes,No,,FALSE,FALSE,Does not apply,3c) Programme Country,,Republic of Moldova,UNOPSPartner,0,NOW(),0,FALSE,0
1386,Romania,Active,Allowed,,,,,,,,Romania,No,Yes,No,,FALSE,FALSE,Potentially applies,,Please consult funding source,Romania,UNOPSPartner,0,NOW(),0,FALSE,0
1387,Russian Federation,Active,Allowed,,,,,,,,Russia,No,Yes,No,,FALSE,FALSE,Potentially applies,,UNOPS administers,Russian Federation,UNOPSPartner,0,NOW(),0,FALSE,0
1388,Rwanda,Active,Allowed,,,,,,,,Rwanda,No,Yes,No,,FALSE,FALSE,Does not apply,3c) Programme Country,,Rwanda,UNOPSPartner,0,NOW(),0,FALSE,0
1389,Saint Kitts and Nevis,Active,Allowed,,,,,,,,Saint Kitts and Nevis,No,Yes,No,,FALSE,FALSE,Does not apply,3c) Programme Country,,Saint Kitts and Nevis,UNOPSPartner,0,NOW(),0,FALSE,0
1390,Saint Lucia,Active,Allowed,,,,,,,,Saint Lucia,No,Yes,No,,FALSE,FALSE,Does not apply,3c) Programme Country,,Saint Lucia,UNOPSPartner,0,NOW(),0,FALSE,0
1391,Saint Vincent and the Grenadines,Active,Allowed,,,,,,,,Saint Vincent and the Grenadines,No,Yes,No,,FALSE,FALSE,Does not apply,3c) Programme Country,,Saint Vincent and the Grenadines,UNOPSPartner,0,NOW(),0,FALSE,0
1392,Samoa,Active,Allowed,,,,,,,,Samoa,No,Yes,No,,FALSE,FALSE,Does not apply,3c) Programme Country,,Samoa,UNOPSPartner,0,NOW(),0,FALSE,0
1393,San Marino,Active,Allowed,,,,,,,,San Marino,No,Yes,No,,FALSE,FALSE,Potentially applies,,Please consult funding source,San Marino,UNOPSPartner,0,NOW(),0,FALSE,0
1394,Sao Tome and Principe,Active,Allowed,,,,,,,,Sao Tome and Principe,No,Yes,No,,FALSE,FALSE,Does not apply,3c) Programme Country,,Sao Tome and Principe,UNOPSPartner,0,NOW(),0,FALSE,0
1396,Senegal,Active,Allowed,,,,,,,,Senegal,No,Yes,No,,FALSE,FALSE,Does not apply,3c) Programme Country,,Senegal,UNOPSPartner,0,NOW(),0,FALSE,0
1397,Suriname,Active,Allowed,,,,,,,,Suriname,No,Yes,No,,FALSE,FALSE,Does not apply,3c) Programme Country,,Suriname,UNOPSPartner,0,NOW(),0,FALSE,0
1399,Serbia,Active,Allowed,,,,,,,,Serbia,No,Yes,No,,FALSE,FALSE,Does not apply,3c) Programme Country,,Serbia,UNOPSPartner,0,NOW(),0,FALSE,0
1400,Seychelles,Active,Allowed,,,,,,,,Seychelles,No,Yes,No,,FALSE,FALSE,Does not apply,3c) Programme Country,,Seychelles,UNOPSPartner,0,NOW(),0,FALSE,0
1401,Sierra Leone,Active,Allowed,,,,,,,,Sierra Leone,No,Yes,No,,FALSE,FALSE,Does not apply,3c) Programme Country,,Sierra Leone,UNOPSPartner,0,NOW(),0,FALSE,0
1402,Singapore,Active,Allowed,,,,,,,,Singapore,No,Yes,No,,FALSE,FALSE,Does not apply,3c) Programme Country,,Singapore,UNOPSPartner,0,NOW(),0,FALSE,0
1403,Slovakia,Active,Allowed,,,,,,,,Slovakia,No,Yes,No,,FALSE,FALSE,Potentially applies,,UNOPS administers,Slovakia,UNOPSPartner,0,NOW(),0,FALSE,0
1404,Slovenia,Active,Allowed,,,,,,,,Slovenia,No,Yes,No,,FALSE,FALSE,Potentially applies,,UNOPS administers,Slovenia,UNOPSPartner,0,NOW(),0,FALSE,0
1405,Solomon Islands,Active,Allowed,,,,,,,,Solomon Islands,No,Yes,No,,FALSE,FALSE,Does not apply,3c) Programme Country,,Solomon Islands,UNOPSPartner,0,NOW(),0,FALSE,0
1406,Somalia,Active,Allowed,,,,,,,,Somalia,No,Yes,No,,FALSE,FALSE,Does not apply,3c) Programme Country,,Somalia,UNOPSPartner,0,NOW(),0,FALSE,0
1407,Sri Lanka,Active,Allowed,,,,,,,,Sri Lanka,No,Yes,No,,FALSE,FALSE,Does not apply,3c) Programme Country,,Sri Lanka,UNOPSPartner,0,NOW(),0,FALSE,0
1408,Sudan,Active,Allowed,,,,,,,,Sudan,No,Yes,No,,FALSE,FALSE,Does not apply,3c) Programme Country,,Sudan,UNOPSPartner,0,NOW(),0,FALSE,0
1409,State of Palestine,Active,Allowed,,,,,,,,State of Palestine,No,Yes,No,,FALSE,FALSE,Does not apply,3c) Programme Country,,State of Palestine,UNOPSPartner,0,NOW(),0,FALSE,0
1410,Syrian Arab Republic,Active,Allowed,,,,,,,,Syria,No,Yes,No,,FALSE,FALSE,Does not apply,3c) Programme Country,,Syrian Arab Republic,UNOPSPartner,0,NOW(),0,FALSE,0
1411,Tajikistan,Active,Allowed,,,,,,,,Tajikistan,No,Yes,No,,FALSE,FALSE,Does not apply,3c) Programme Country,,Tajikistan,UNOPSPartner,0,NOW(),0,FALSE,0
1412,Thailand,Active,Allowed,,,,,,,,Thailand,No,Yes,No,,FALSE,FALSE,Does not apply,3c) Programme Country,,Thailand,UNOPSPartner,0,NOW(),0,FALSE,0
1413,North Macedonia,Active,Allowed,,,,,,,,North Macedonia,No,Yes,No,,FALSE,FALSE,Does not apply,3c) Programme Country,,North Macedonia,UNOPSPartner,0,NOW(),0,FALSE,0
1414,Timor-Leste,Active,Allowed,,,,,,,,Timor-Leste,No,Yes,No,,FALSE,FALSE,Does not apply,3c) Programme Country,,Timor-Leste,UNOPSPartner,0,NOW(),0,FALSE,0
1415,Togo,Active,Allowed,,,,,,,,Togo,No,Yes,No,,FALSE,FALSE,Does not apply,3c) Programme Country,,Togo,UNOPSPartner,0,NOW(),0,FALSE,0
1416,Tonga,Active,Allowed,,,,,,,,Tonga,No,Yes,No,,FALSE,FALSE,Does not apply,3c) Programme Country,,Tonga,UNOPSPartner,0,NOW(),0,FALSE,0
1417,Trinidad and Tobago,Active,Allowed,,,,,,,,Trinidad and Tobago,No,Yes,No,,FALSE,FALSE,Does not apply,3c) Programme Country,,Trinidad and Tobago,UNOPSPartner,0,NOW(),0,FALSE,0
1418,Tunisia,Active,Allowed,,,,,,,,Tunisia,No,Yes,No,,FALSE,FALSE,Does not apply,3c) Programme Country,,Tunisia,UNOPSPartner,0,NOW(),0,FALSE,0
1419,United Republic of Tanzania,Active,Allowed,,,,,,,,Tanzania,No,Yes,No,,FALSE,FALSE,Does not apply,3c) Programme Country,,United Republic of Tanzania,UNOPSPartner,0,NOW(),0,FALSE,0
1420,Guinea-Bissau,Active,Allowed,,,,,,,,Guinea-Bissau,No,Yes,No,,FALSE,FALSE,Does not apply,3c) Programme Country,,Guinea-Bissau,UNOPSPartner,0,NOW(),0,FALSE,0
1421,Turkmenistan,Active,Allowed,,,,,,,,Turkmenistan,No,Yes,No,,FALSE,FALSE,Does not apply,3c) Programme Country,,Turkmenistan,UNOPSPartner,0,NOW(),0,FALSE,0
1422,Tuvalu,Active,Allowed,,,,,,,,Tuvalu,No,Yes,No,,FALSE,FALSE,Does not apply,3c) Programme Country,,Tuvalu,UNOPSPartner,0,NOW(),0,FALSE,0
1423,Uganda,Active,Allowed,,,,,,,,Uganda,No,Yes,No,,FALSE,FALSE,Does not apply,3c) Programme Country,,Uganda,UNOPSPartner,0,NOW(),0,FALSE,0
1425,United Arab Emirates,Active,Allowed,,,,,,,,United Arab Emirates,No,Yes,No,,FALSE,FALSE,Does not apply,3c) Programme Country,,United Arab Emirates,UNOPSPartner,0,NOW(),0,FALSE,0
1426,Uruguay,Active,Allowed,,,,,,,,Uruguay,No,Yes,No,,FALSE,FALSE,Does not apply,3c) Programme Country,,Uruguay,UNOPSPartner,0,NOW(),0,FALSE,0
1427,Uzbekistan,Active,Allowed,,,,,,,,Uzbekistan,No,Yes,No,,FALSE,FALSE,Does not apply,3c) Programme Country,,Uzbekistan,UNOPSPartner,0,NOW(),0,FALSE,0
1428,Vanuatu,Active,Allowed,,,,,,,,Vanuatu,No,Yes,No,,FALSE,FALSE,Does not apply,3c) Programme Country,,Vanuatu,UNOPSPartner,0,NOW(),0,FALSE,0
1429,Venezuela (Bolivarian Republic of),Active,Allowed,,,,,,,,Venezuela,No,Yes,No,,FALSE,FALSE,Does not apply,3c) Programme Country,,Venezuela (Bolivarian Republic of),UNOPSPartner,0,NOW(),0,FALSE,0
1430,Viet Nam,Active,Allowed,,,,,,,,Viet Nam,No,Yes,No,,FALSE,FALSE,Does not apply,3c) Programme Country,,Viet Nam,UNOPSPartner,0,NOW(),0,FALSE,0
1431,Yemen,Active,Allowed,,,,,,,,Yemen,No,Yes,No,,FALSE,FALSE,Does not apply,3c) Programme Country,,Yemen,UNOPSPartner,0,NOW(),0,FALSE,0
1432,Zambia,Active,Allowed,,,,,,,,Zambia,No,Yes,No,,FALSE,FALSE,Does not apply,3c) Programme Country,,Zambia,UNOPSPartner,0,NOW(),0,FALSE,0
1433,Zimbabwe,Active,Allowed,,,,,,,,Zimbabwe,No,Yes,No,,FALSE,FALSE,Does not apply,3c) Programme Country,,Zimbabwe,UNOPSPartner,0,NOW(),0,FALSE,0
1575,Yugoslavia,Active,Not allowed,,,,,,,,Yugoslavia,No,Yes,No,,FALSE,FALSE,Potentially applies,,Please consult funding source,Yugoslavia,UNOPSPartner,0,NOW(),0,FALSE,0
1612,Virgin Islands of the United States,Active,Allowed,,,,,,,,Virgin Islands,No,Yes,No,,FALSE,FALSE,Potentially applies,,Please consult funding source,Virgin Islands of the United States,UNOPSPartner,0,NOW(),0,FALSE,0
1614,Czechoslovakia,Active,Not allowed,,,,,,,,Czechoslovakia,No,Yes,No,,FALSE,FALSE,Potentially applies,,Please consult funding source,Czechoslovakia,UNOPSPartner,0,NOW(),0,FALSE,0
1615,Antilles,Active,Not allowed,,,,,,,,Antilles,No,Yes,No,,FALSE,FALSE,Potentially applies,,Please consult funding source,Antilles,UNOPSPartner,0,NOW(),0,FALSE,0
1617,"China, Hong Kong Special Administrative Region",Active,Allowed,,,,,,,,Hong Kong,No,Yes,No,,FALSE,FALSE,Potentially applies,,Please consult funding source,"China, Hong Kong Special Administrative Region",UNOPSPartner,0,NOW(),0,FALSE,0
1619,New Hebrides Condominium,Active,Not allowed,,,,,,,,New Hebrides Condominium,No,Yes,No,,FALSE,FALSE,Potentially applies,,Please consult funding source,New Hebrides Condominium,UNOPSPartner,0,NOW(),0,FALSE,0
1620,Niue,Active,Allowed,,,,,,,,Niue,No,Yes,No,,FALSE,FALSE,Does not apply,3c) Programme Country,,Niue,UNOPSPartner,0,NOW(),0,FALSE,0
1621,Pacific Multi Islands,Active,Not allowed,,,,,,,,Pacific Multi Islands,No,Yes,No,,FALSE,FALSE,Potentially applies,,Please consult funding source,Pacific Multi Islands,UNOPSPartner,0,NOW(),0,FALSE,0
1624,New Zealand territory of Tokelau,Active,Allowed,,,,,,,,New Zealand territory of Tokelau,No,Yes,No,,FALSE,FALSE,Does not apply,3c) Programme Country,,New Zealand territory of Tokelau,UNOPSPartner,0,NOW(),0,FALSE,0
1625,Trust Territory of the Pacific Islands,Active,Not allowed,,,,,,,,Trust Territory of the Pacific Islands,No,Yes,No,,FALSE,FALSE,Potentially applies,,Please consult funding source,Trust Territory of the Pacific Islands,UNOPSPartner,0,NOW(),0,FALSE,0
1677,Uganda,Active,Not allowed,,,,,,,,Uganda,No,Yes,No,,FALSE,FALSE,Does not apply,3c) Programme Country,,Uganda,UNOPSPartner,0,NOW(),0,FALSE,0
1715,Curaçao,Active,Allowed,,,,,,,,Curaçao,No,Yes,No,,FALSE,FALSE,Does not apply,3c) Programme Country,,Curaçao,UNOPSPartner,0,NOW(),0,FALSE,0
1716,Sint Maarten (Dutch part),Active,Allowed,,,,,,,,Sint Maarten,No,Yes,No,,FALSE,FALSE,Does not apply,3c) Programme Country,,Sint Maarten (Dutch part),UNOPSPartner,0,NOW(),0,FALSE,0
1818,QFFD Qatar Fund for Development,Active,Allowed,,,,,,,,QFFD,No,Yes,Yes,,FALSE,FALSE,Potentially applies,,Please consult funding source,QFFD Qatar Fund for Development,UNOPSPartner,0,NOW(),0,FALSE,0
1780,AMSAC Activos Mineros S.A.C.,Active,Allowed,,,,,,,,AMSAC,No,Yes,Yes,,FALSE,FALSE,Does not apply,3c) Programme Country,,Peru,UNOPSPartner,0,NOW(),0,FALSE,0
1325,Peru,Active,Allowed,,,,,,,,Peru,No,Yes,No,,FALSE,FALSE,Does not apply,3c) Programme Country,,Peru,UNOPSPartner,0,NOW(),0,FALSE,0
1783,PNSU Programa Nacional de Saneamiento Urbano,Active,Allowed,,,,,,,,PNSU,No,Yes,Yes,,FALSE,FALSE,Does not apply,3c) Programme Country,,Peru,UNOPSPartner,0,NOW(),0,FALSE,0
1724,Sedapal,Active,Allowed,,,,,,,,Sedapal,No,Yes,Yes,,FALSE,FALSE,Potentially applies,,Please consult funding source,Peru,UNOPSPartner,0,NOW(),0,FALSE,0
1728,"China National Pharmaceutical Group Southwest Medicine Co., Ltd.",Active,Allowed,,,,,,,,SINOPHARM,No,Yes,No,,FALSE,FALSE,Does not apply,3c) Programme Country,,China,UNOPSPartner,0,NOW(),0,FALSE,0
1085,MOFCOM Ministry of Commerce of the People's Republic of China,Active,Allowed,,,,,,,,MOFCOM,No,Yes,No,,FALSE,FALSE,Does not apply,3c) Programme Country,,China,UNOPSPartner,0,NOW(),0,FALSE,0
1122,China,Active,Allowed,,,,,,,,China,No,Yes,No,,FALSE,FALSE,Does not apply,3c) Programme Country,,China,UNOPSPartner,0,NOW(),0,FALSE,0
1623,Indian State of Sikkim,Active,Allowed,,,,,,,,Indian State of Sikkim,No,Yes,No,,FALSE,FALSE,Potentially applies,,Please consult funding source,India,UNOPSPartner,0,NOW(),0,FALSE,0
1344,India,Active,Allowed,,,,,,,,India,No,Yes,No,,FALSE,FALSE,Does not apply,3c) Programme Country,,India,UNOPSPartner,0,NOW(),0,FALSE,0
1131,Japan,Active,Allowed,,,,,,,,Japan,No,Yes,No,,FALSE,FALSE,Potentially applies,,UNOPS administers,Japan,UNOPSPartner,0,NOW(),0,FALSE,0
1095,JICA Japan International Cooperation Agency,Active,Allowed,,,,,,,,JICA,No,Yes,No,,FALSE,FALSE,Potentially applies,,UNOPS administers,Japan,UNOPSPartner,0,NOW(),0,FALSE,0
1096,JBIC Japan Bank for International Cooperation,Active,Allowed,,,,,,,,JBIC,No,Yes,No,,FALSE,FALSE,Potentially applies,,UNOPS administers,Japan,UNOPSPartner,0,NOW(),0,FALSE,0
1139,Republic of Korea,Active,Allowed,,,,,,,,Republic of Korea,No,Yes,No,,FALSE,FALSE,Potentially applies,,UNOPS administers,South Korea,UNOPSPartner,0,NOW(),0,FALSE,0
1105,KOICA Korea International Cooperation Agency,Active,Allowed,231123,,,,,,,KOICA,No,Yes,No,,FALSE,FALSE,Potentially applies,,UNOPS administers,South Korea,UNOPSPartner,0,NOW(),0,FALSE,0
1339,Libya,Active,Allowed,,,,,,,,Libya,No,Yes,No,,FALSE,FALSE,Does not apply,3c) Programme Country,,Libya,UNOPSPartner,0,NOW(),0,FALSE,0
1707,Libyan Presidency Council,Active,Allowed,,,,,,,,Libyan Presidency Council,No,Yes,No,,FALSE,FALSE,Does not apply,3c) Programme Country,,Libya,UNOPSPartner,0,NOW(),0,FALSE,0
1371,Qatar,Active,Allowed,,,,,,,,Qatar,No,Yes,No,,FALSE,FALSE,Potentially applies,,Please consult funding source,Qatar,UNOPSPartner,0,NOW(),0,FALSE,0
1141,Spain,Active,Allowed,,,,,,,,Spain,No,Yes,No,,FALSE,FALSE,Potentially applies,,UNOPS administers,Spain,UNOPSPartner,0,NOW(),0,FALSE,0
1107,AECID Spanish Agency for International Development Cooperation,Active,Allowed,,,,,,,,AECID,No,Yes,No,,FALSE,FALSE,Potentially applies,,UNOPS administers,Spain,UNOPSPartner,0,NOW(),0,FALSE,0
1119,Brazil,Active,Allowed,,,,,,,,Brazil,No,Yes,No,,FALSE,FALSE,Does not apply,3c) Programme Country,,Brazil,UNOPSPartner,0,NOW(),0,FALSE,0
1079,ABC Agência Brasileira de Cooperação,Active,Allowed,,,,,,,,ABC,No,Yes,No,,FALSE,FALSE,Does not apply,3c) Programme Country,,Brazil,UNOPSPartner,0,NOW(),0,FALSE,0
1084,IDRC International Development Research Centre,Active,Allowed,,,,,,,,IDRC,No,Yes,No,,FALSE,FALSE,Potentially applies,,UNOPS administers,Canada,UNOPSPartner,0,NOW(),0,FALSE,0
1082,CIDA Canadian International Development Agency,Active,Not allowed,,,,,,,,CIDA,No,Yes,No,,FALSE,FALSE,Potentially applies,,UNOPS administers,Canada,UNOPSPartner,0,NOW(),0,FALSE,0
1024,CAD Global Affairs Canada,Active,Allowed,,,,,,,,Global Affairs Canada,No,Yes,No,,FALSE,FALSE,Potentially applies,,UNOPS administers,Canada,UNOPSPartner,0,NOW(),0,FALSE,0
1083,DFAIT Department of Foreign Affairs and International Trade Canada,Active,Not allowed,,,,,,,,DFAIT - Canada,No,Yes,No,,FALSE,FALSE,Potentially applies,,UNOPS administers,Canada,UNOPSPartner,0,NOW(),0,FALSE,0
1121,Canada,Active,Allowed,,,,,,,,Canada,No,Yes,No,,FALSE,FALSE,Potentially applies,,UNOPS administers,Canada,UNOPSPartner,0,NOW(),0,FALSE,0
1125,France,Active,Allowed,,,,,,,,France,No,Yes,No,,FALSE,FALSE,Potentially applies,,UNOPS administers,France,UNOPSPartner,0,NOW(),0,FALSE,0
1088,AFD French Development Agency,Active,Allowed,,,,,,,,AFD,No,Yes,No,,FALSE,FALSE,Potentially applies,,UNOPS administers,France,UNOPSPartner,0,NOW(),0,FALSE,0
1622,French overseas department of Réunion,Active,Allowed,,,,,,,,Réunion,No,Yes,No,,FALSE,FALSE,Potentially applies,,UNOPS administers,France,UNOPSPartner,0,NOW(),0,FALSE,0
1616,French overseas department of Guadeloupe,Active,Allowed,,,,,,,,Guadeloupe,No,Yes,No,,FALSE,FALSE,Potentially applies,,UNOPS administers,France,UNOPSPartner,0,NOW(),0,FALSE,0
1823,NAWEC National Water and Electricity Company Ltd - Gambia,Active,Not allowed,,,,,,,,NAWEC Gambia,No,Yes,Yes,,FALSE,FALSE,Does not apply,3c) Programme Country,,Gambia,UNOPSPartner,0,NOW(),0,FALSE,0
1090,Hellenic Aid,Active,Allowed,,,,,,,,Hellenic Aid,No,Yes,No,,FALSE,FALSE,Potentially applies,,Please consult funding source,Greece,UNOPSPartner,0,NOW(),0,FALSE,0
1127,Greece,Active,Allowed,,,,,,,,Greece,No,Yes,No,,FALSE,FALSE,Potentially applies,,Please consult funding source,Greece,UNOPSPartner,0,NOW(),0,FALSE,0
1093,MASHAV Center for International Cooperation of the Foreign Ministry of Israel,Active,Allowed,,,,,,,,MASHAV,No,Yes,No,,FALSE,FALSE,Potentially applies,,Please consult funding source,Israel,UNOPSPartner,0,NOW(),0,FALSE,0
1130,Israel,Active,Allowed,,,,,,,,Israel,No,Yes,No,,FALSE,FALSE,Potentially applies,,Please consult funding source,Israel,UNOPSPartner,0,NOW(),0,FALSE,0
1753,Ministry of Justice of Norway,Active,Allowed,,,,,,,,MoJ Norway,No,No,No,,FALSE,FALSE,Potentially applies,,UNOPS administers,Norway,UNOPSPartner,0,NOW(),0,FALSE,0
1136,Norway,Active,Allowed,,,,,,,,Norway,No,Yes,No,,FALSE,FALSE,Potentially applies,,UNOPS administers,Norway,UNOPSPartner,0,NOW(),0,FALSE,0
1102,Ministry of Foreign Affairs of Norway,Active,Allowed,,,,,,,,MoFA Norway,No,Yes,No,,FALSE,FALSE,Potentially applies,,UNOPS administers,Norway,UNOPSPartner,0,NOW(),0,FALSE,0
1101,NORAD Norwegian Agency for Development Cooperation,Active,Allowed,,,,,,,,NORAD,No,Yes,No,,FALSE,FALSE,Potentially applies,,UNOPS administers,Norway,UNOPSPartner,0,NOW(),0,FALSE,0
1322,Panama,Active,Allowed,,,,,,,,Panama,No,Yes,No,,FALSE,FALSE,Does not apply,3c) Programme Country,,Panama,UNOPSPartner,0,NOW(),0,FALSE,0
1781,INADEH Instituto Nacional de Formacion Profesional y Capacitacion para el Desarrollo Humano,Active,Allowed,,,,,,,,INADEH,No,Yes,Yes,,FALSE,FALSE,Does not apply,3c) Programme Country,,Panama,UNOPSPartner,0,NOW(),0,FALSE,0
1137,Poland,Active,Allowed,,,,,,,,Poland,No,Yes,No,,FALSE,FALSE,Potentially applies,,UNOPS administers,Poland,UNOPSPartner,0,NOW(),0,FALSE,0
1103,Polish Aid,Active,Allowed,,,,,,,,Polish Aid,No,Yes,No,,FALSE,FALSE,Potentially applies,,UNOPS administers,Poland,UNOPSPartner,0,NOW(),0,FALSE,0
1754,SEPA Swedish Environmental Protection Agency,Active,Allowed,,,,,,,,SEPA,No,No,No,,FALSE,FALSE,Potentially applies,,Please consult funding source,Sweden,UNOPSPartner,0,NOW(),0,FALSE,0
1108,SIDA Swedish International Development Cooperation Agency,Active,Allowed,,,,,,,,SIDA,No,Yes,No,,FALSE,FALSE,Potentially applies,,Please consult funding source,Sweden,UNOPSPartner,0,NOW(),0,FALSE,0
1267,Sweden,Active,Allowed,,,,,,,,Sweden,No,Yes,No,,FALSE,FALSE,Potentially applies,,Please consult funding source,Sweden,UNOPSPartner,0,NOW(),0,FALSE,0
1143,Türkiye,Active,Allowed,,,,,,,,Türkiye,No,Yes,No,,FALSE,FALSE,Does not apply,3c) Programme Country,,Türkiye,UNOPSPartner,0,NOW(),0,FALSE,0
1110,TIKA Turkish Cooperation and Coordination Agency,Active,Allowed,,,,,,,,TIKA,No,Yes,No,,FALSE,FALSE,Does not apply,3c) Programme Country,,Türkiye,UNOPSPartner,0,NOW(),0,FALSE,0
1077,ADA Austria Development Agency,Active,Allowed,,,,,,,,ADA,No,Yes,No,,FALSE,FALSE,Potentially applies,,UNOPS administers,Austria,UNOPSPartner,0,NOW(),0,FALSE,0
1118,Austria,Active,Allowed,,,,,,,,Austria,No,Yes,No,,FALSE,FALSE,Potentially applies,,UNOPS administers,Austria,UNOPSPartner,0,NOW(),0,FALSE,0
1078,AWS Austria Wirtschaftsservice Gesellschaft,Active,Allowed,,,,,,,,AWS,No,Yes,No,,FALSE,FALSE,Potentially applies,,UNOPS administers,Austria,UNOPSPartner,0,NOW(),0,FALSE,0
1120,Belgium,Active,Allowed,,,,,,,,Belgium,No,Yes,No,,FALSE,FALSE,Potentially applies,,UNOPS administers,Belgium,UNOPSPartner,0,NOW(),0,FALSE,0
1080,ENABEL Belgian Development Agency,Active,Allowed,,,,,,,,ENABEL,No,Yes,No,,FALSE,FALSE,Potentially applies,,UNOPS administers,Belgium,UNOPSPartner,0,NOW(),0,FALSE,0
1081,"FPS Ministry of Foreign Affairs, Foreign Trade and Development Cooperation of Belgium",Active,Allowed,,,,,,,,FPS,No,Yes,No,,FALSE,FALSE,Potentially applies,,UNOPS administers,Belgium,UNOPSPartner,0,NOW(),0,FALSE,0
1123,Denmark,Active,Allowed,,,,,,,,Denmark,No,Yes,No,,FALSE,FALSE,Potentially applies,,UNOPS administers,Denmark,UNOPSPartner,0,NOW(),0,FALSE,0
1086,DANIDA Danish International Development Agency,Active,Allowed,,,,,,,,DANIDA,No,Yes,No,,FALSE,FALSE,Potentially applies,,UNOPS administers,Denmark,UNOPSPartner,0,NOW(),0,FALSE,0
1087,Ministry for Foreign Affairs of Finland,Active,Allowed,,,,,,,,MoFA Finland,No,Yes,No,,FALSE,FALSE,Potentially applies,,UNOPS administers,Finland,UNOPSPartner,0,NOW(),0,FALSE,0
1124,Finland,Active,Allowed,,,,,,,,Finland,No,Yes,No,,FALSE,FALSE,Potentially applies,,UNOPS administers,Finland,UNOPSPartner,0,NOW(),0,FALSE,0
1737,AA German Federal Foreign Office (Auswärtiges Amt),Active,Allowed,,,,,,,,MoFA Germany,No,No,No,,FALSE,FALSE,Potentially applies,,UNOPS administers,Germany,UNOPSPartner,0,NOW(),0,FALSE,0
1126,Germany,Active,Allowed,,,,,,,,Germany,No,Yes,No,,FALSE,FALSE,Potentially applies,,UNOPS administers,Germany,UNOPSPartner,0,NOW(),0,FALSE,0
1738,"BMUV German Federal Ministry for the Environment, Nature Conservation, Nuclear Safety and Consumer Protection",Active,Allowed,,,,,,,,BMUV,No,No,No,,FALSE,FALSE,Potentially applies,,UNOPS administers,Germany,UNOPSPartner,0,NOW(),0,FALSE,0
1089,BMZ German Federal Ministry for Economic Cooperation and Development,Active,Allowed,,,,,,,,BMZ,No,Yes,No,,FALSE,FALSE,Potentially applies,,UNOPS administers,Germany,UNOPSPartner,0,NOW(),0,FALSE,0
1589,GIZ German Corporation for International Cooperation,Active,Allowed,,,,,,,,GIZ,No,Yes,No,,FALSE,FALSE,Potentially applies,,UNOPS administers,Germany,UNOPSPartner,0,NOW(),0,FALSE,0
1669,KfW Kreditanstalt für Wiederaufbau,Active,Allowed,,,,,,,,KfW,No,Yes,No,,FALSE,FALSE,Potentially applies,,UNOPS administers,Germany,UNOPSPartner,0,NOW(),0,FALSE,0
1091,Ministry of Foreign Affairs of Iceland,Active,Allowed,,,,,,,,MoFA Iceland,No,Yes,No,,FALSE,FALSE,Potentially applies,,Funding source administers directly (no changes required to the partner agreement),Iceland,UNOPSPartner,0,NOW(),0,FALSE,0
1128,Iceland,Active,Allowed,,,,,,,,Iceland,No,Yes,No,,FALSE,FALSE,Potentially applies,,Funding source administers directly (no changes required to the partner agreement),Iceland,UNOPSPartner,0,NOW(),0,FALSE,0
1049,ICEIDA Icelandic International Development Agency,Active,Allowed,,,,,,,,ICEIDA,No,Yes,No,,FALSE,FALSE,Potentially applies,,Funding source administers directly (no changes required to the partner agreement),Iceland,UNOPSPartner,0,NOW(),0,FALSE,0
1092,IrishAid,Active,Allowed,,,,,,,,Irish Aid,No,Yes,No,,FALSE,FALSE,Potentially applies,,UNOPS administers,Ireland,UNOPSPartner,0,NOW(),0,FALSE,0
1129,Ireland,Active,Allowed,,,,,,,,Ireland,No,Yes,No,,FALSE,FALSE,Potentially applies,,UNOPS administers,Ireland,UNOPSPartner,0,NOW(),0,FALSE,0
1678,MRPSC Ministère chargé des relations avec le Parlement et la Société Civile,Active,Allowed,,,,,,,,MRPSC,No,Yes,No,,FALSE,FALSE,Potentially applies,,Please consult funding source,Moroco,UNOPSPartner,0,NOW(),0,FALSE,0
1375,Morocco,Active,Allowed,,,,,,,,Morocco,No,Yes,No,,FALSE,FALSE,Does not apply,3c) Programme Country,,Moroco,UNOPSPartner,0,NOW(),0,FALSE,0
1828,Ukrainian Railways (Ukrzaliznytsia -UZ),Active,Allowed,,,,,,,,Ukrainian Railways,No,Yes,Yes,,FALSE,FALSE,Potentially does not apply,3c) Programme Country,,Ukraine,UNOPSPartner,0,NOW(),0,FALSE,0
1424,Ukraine,Active,Allowed,,,,,,,,Ukraine,No,Yes,No,,FALSE,FALSE,Does not apply,3c) Programme Country,,Ukraine,UNOPSPartner,0,NOW(),0,FALSE,0
1827,NERCHA - The National Emergency Response Council on HIV and AIDS of Eswatini,Active,Allowed,,,,,,,,NERCHA - Eswatini,No,Yes,Yes,,FALSE,FALSE,Does not apply,3c) Programme Country,,Eswatini,UNOPSPartner,0,NOW(),0,FALSE,0
1398,Eswatini,Active,Allowed,,,,,,,,Eswatini,No,Yes,No,,FALSE,FALSE,Does not apply,3c) Programme Country,,Eswatini,UNOPSPartner,0,NOW(),0,FALSE,0
1341,Ethiopia,Active,Allowed,,,,,,,,Ethiopia,No,Yes,No,,FALSE,FALSE,Does not apply,3c) Programme Country,,Ethiopia,UNOPSPartner,0,NOW(),0,FALSE,0
1805,ECAE Ethiopian Conformity Assessment Enterprise,Active,Allowed,,,,,,,,ECAE Ethiopia,No,Yes,Yes,,FALSE,FALSE,Does not apply,3c) Programme Country,,Ethiopia,UNOPSPartner,0,NOW(),0,FALSE,0
1799,EPSS Ethiopian Pharmaceuticals Supply Service,Active,Allowed,,,,,,,,EPSS Ethiopia,No,Yes,Yes,,FALSE,FALSE,Does not apply,3c) Programme Country,,Ethiopia,UNOPSPartner,0,NOW(),0,FALSE,0
1803,EPHI Ethiopian Public Health Institute,Active,Allowed,,,,,,,,EPHI Ethiopia,No,Yes,Yes,,FALSE,FALSE,Does not apply,3c) Programme Country,,Ethiopia,UNOPSPartner,0,NOW(),0,FALSE,0
1357,Honduras,Active,Allowed,,,,,,,,Honduras,No,Yes,No,,FALSE,FALSE,Does not apply,3c) Programme Country,,Honduras,UNOPSPartner,0,NOW(),0,FALSE,0
1787,Instituto Hondureño de Seguridad Social IHSS,Active,Allowed,,,,,,,,IHSS,No,Yes,Yes,,FALSE,FALSE,Does not apply,3c) Programme Country,,Honduras,UNOPSPartner,0,NOW(),0,FALSE,0
1785,ENP Empresa Nacional Portuaria,Active,Allowed,,,,,,,,ENP,No,Yes,Yes,,FALSE,FALSE,Does not apply,3c) Programme Country,,Honduras,UNOPSPartner,0,NOW(),0,FALSE,0
1773,ANDE Administración Nacional de Electricidad,Active,Allowed,,,,,,,,ANDE,No,Yes,Yes,,FALSE,FALSE,Does not apply,3c) Programme Country,,Paraguay,UNOPSPartner,0,NOW(),0,FALSE,0
1324,Paraguay,Active,Allowed,,,,,,,,Paraguay,No,Yes,No,,FALSE,FALSE,Does not apply,3c) Programme Country,,Paraguay,UNOPSPartner,0,NOW(),0,FALSE,0
1798,DNA Paraguayan Dirección Nacional de Aduanas of Paraguay,Active,Allowed,,,,,,,,DNA Paraguay,No,Yes,Yes,,FALSE,FALSE,Does not apply,3c) Programme Country,,Paraguay,UNOPSPartner,0,NOW(),0,FALSE,0
1104,IPAD Portuguese Institute for Development Support,Active,Allowed,,,,,,,,IPAD,No,Yes,No,,FALSE,FALSE,Potentially applies,,UNOPS administers,Portugal,UNOPSPartner,0,NOW(),0,FALSE,0
1138,Portugal,Active,Allowed,,,,,,,,Portugal,No,Yes,No,,FALSE,FALSE,Potentially applies,,UNOPS administers,Portugal,UNOPSPartner,0,NOW(),0,FALSE,0
1117,Australia,Active,Allowed,,,,,,,,Australia,No,Yes,No,,FALSE,FALSE,Potentially applies,,UNOPS administers,Australia,UNOPSPartner,0,NOW(),0,FALSE,0
1757,Australian Department of Defence,Active,Allowed,,,,,,,,DoD Australia,No,No,No,,FALSE,FALSE,Potentially applies,,UNOPS administers,Australia,UNOPSPartner,0,NOW(),0,FALSE,0
1076,DFAT Department of Foreign Affairs and Trade,Active,Allowed,,,,,,,,DFAT - Australia,No,Yes,No,,FALSE,FALSE,Potentially applies,,UNOPS administers,Australia,UNOPSPartner,0,NOW(),0,FALSE,0
1822,INVU Instituto Nacional de Vivienda y Urbanismo Costa Rica,Active,Allowed,,,,,,,,INVU,No,Yes,Yes,,FALSE,FALSE,Does not apply,3c) Programme Country,,Costa Rica,UNOPSPartner,0,NOW(),0,FALSE,0
1301,Costa Rica,Active,Allowed,,,,,,,,Costa Rica,No,Yes,No,,FALSE,FALSE,Does not apply,3c) Programme Country,,Costa Rica,UNOPSPartner,0,NOW(),0,FALSE,0
1812,INS National Insurance Institute of Costa Rica,Active,Allowed,,,,,,,,INS Costa Rica,No,Yes,Yes,,FALSE,FALSE,Does not apply,3c) Programme Country,,Costa Rica,UNOPSPartner,0,NOW(),0,FALSE,0
1133,Luxembourg,Active,Allowed,,,,,,,,Luxembourg,No,Yes,No,,FALSE,FALSE,Potentially applies,,UNOPS administers,Luxembourg,UNOPSPartner,0,NOW(),0,FALSE,0
1098,LuxDev Luxembourg Agency for Development Cooperation,Active,Allowed,,,,,,,,LuxDev,No,Yes,No,,FALSE,FALSE,Potentially applies,,UNOPS administers,Luxembourg,UNOPSPartner,0,NOW(),0,FALSE,0
1134,Netherlands,Active,Allowed,,,,,,,,Netherlands,No,Yes,No,,FALSE,FALSE,Potentially applies,,UNOPS administers,Netherlands,UNOPSPartner,0,NOW(),0,FALSE,0
1611,Aruba (Kingdom of the Netherlands),Active,Allowed,,,,,,,,Aruba,No,Yes,No,,FALSE,FALSE,Does not apply,3c) Programme Country,,Netherlands,UNOPSPartner,0,NOW(),0,FALSE,0
1099,Ministry of Foreign Affairs of the Netherlands,Active,Allowed,,,,,,,,MoFA Netherlands,No,Yes,No,,FALSE,FALSE,Potentially applies,,UNOPS administers,Netherlands,UNOPSPartner,0,NOW(),0,FALSE,0
1100,NZAID New Zealand Agency for International Development,Active,Allowed,,,,,,,,NZAID,No,Yes,No,,FALSE,FALSE,Potentially applies,,UNOPS administers,New Zealand,UNOPSPartner,0,NOW(),0,FALSE,0
1135,New Zealand,Active,Allowed,,,,,,,,New Zealand,No,Yes,No,,FALSE,FALSE,Potentially applies,,UNOPS administers,New Zealand,UNOPSPartner,0,NOW(),0,FALSE,0
1142,Switzerland,Active,Allowed,,,,,,,,Switzerland,No,Yes,No,,FALSE,FALSE,Potentially applies,,Funding source administers directly (no changes required to the partner agreement),Switzerland,UNOPSPartner,0,NOW(),0,FALSE,0
1109,SDC Swiss Agency for Development and Cooperation,Active,Allowed,,,,,,,,SDC,No,Yes,No,,FALSE,FALSE,Potentially applies,,Funding source administers directly (no changes required to the partner agreement),Switzerland,UNOPSPartner,0,NOW(),0,FALSE,0
1395,Saudi Arabia,Active,Allowed,,,,,,,,Saudi Arabia,No,Yes,No,,FALSE,FALSE,Does not apply,3c) Programme Country,,Saudi Arabia,UNOPSPartner,0,NOW(),0,FALSE,0
1723,SFD Saudi Fund for Development,Active,Allowed,,,,,,,,SFD,No,Yes,Yes,,FALSE,FALSE,Potentially applies,,Please consult funding source,Saudi Arabia,UNOPSPartner,0,NOW(),0,FALSE,0
1761,KSRelief King Salman Humanitarian Aid and Relief Centre,Active,Allowed,,,,,,,,KSRelief,No,No,No,,FALSE,FALSE,Does not apply,3c) Programme Country,,Saudi Arabia,UNOPSPartner,0,NOW(),0,FALSE,0
1023,DBSA Development Bank of Southern Africa,Active,Allowed,,,,,,,,DBSA,No,Yes,No,,FALSE,FALSE,Does not apply,3c) Programme Country,,South Africa,UNOPSPartner,0,NOW(),0,FALSE,0
1106,SADPA South African Development Partnership Agency,Active,Allowed,,,,,,,,SADPA,No,Yes,No,,FALSE,FALSE,Does not apply,3c) Programme Country,,South Africa,UNOPSPartner,0,NOW(),0,FALSE,0
1140,South Africa,Active,Allowed,,,,,,,,South Africa,No,Yes,No,,FALSE,FALSE,Does not apply,3c) Programme Country,,South Africa,UNOPSPartner,0,NOW(),0,FALSE,0
1097,LED Liechtenstein Development Service,Active,Allowed,,,,,,,,LED,No,Yes,No,,FALSE,FALSE,Potentially applies,,Please consult funding source,Liechtenstein,UNOPSPartner,0,NOW(),0,FALSE,0
1132,Liechtenstein,Active,Allowed,,,,,,,,Liechtenstein,No,Yes,No,,FALSE,FALSE,Potentially applies,,Please consult funding source,Liechtenstein,UNOPSPartner,0,NOW(),0,FALSE,0
1158,Tasmim Libya Consulting and Engineering,Active,Not allowed,,,,,,,,Tasmim Libya Consulting,No,Yes,No,,FALSE,FALSE,Potentially applies,,Please consult funding source,Tasmim Libya Consulting and Engineering,UNOPSPartner,0,NOW(),0,FALSE,0
1691,FunziLife OY,Active,Allowed,,,,,,,,FunziLife OY,No,Yes,No,,FALSE,FALSE,Potentially applies,,Please consult funding source,FunziLife OY,UNOPSPartner,0,NOW(),0,FALSE,0
1742,Takeda Pharmaceutical Company Limited,Active,Allowed,,,,,,,,Takeda,No,Yes,Yes,,FALSE,FALSE,Potentially applies,,Please consult funding source,Takeda Pharmaceutical Company Limited,UNOPSPartner,0,NOW(),0,FALSE,0
1720,Macfadden,Active,Allowed,,,,,,,,Macfadden,No,Yes,Yes,,FALSE,FALSE,Potentially applies,,Please consult funding source,Macfadden,UNOPSPartner,0,NOW(),0,FALSE,0
1703,Roche Diagnostics International AG,Active,Allowed,,,,,,,,Roche Diagnostics,No,Yes,No,,FALSE,FALSE,Potentially applies,,Please consult funding source,Roche Diagnostics International AG,UNOPSPartner,0,NOW(),0,FALSE,0
1065,Mitsubishi,Active,Allowed,,,,,,,,Mitsubishi,No,Yes,No,,FALSE,FALSE,Potentially applies,,Please consult funding source,Mitsubishi,UNOPSPartner,0,NOW(),0,FALSE,0
1596,Microsoft Corporation,Active,Allowed,,,,,,,,Microsoft,No,Yes,No,,FALSE,FALSE,Potentially applies,,Please consult funding source,Microsoft Corporation,UNOPSPartner,0,NOW(),0,FALSE,0
1073,OTB The Office of Tony Blair,Active,Allowed,,,,,,,,OTB,No,Yes,No,,FALSE,FALSE,Potentially applies,,Please consult funding source,OTB The Office of Tony Blair,UNOPSPartner,0,NOW(),0,FALSE,0
1810,Labomersa,Active,Allowed,,,,,,,,Labomersa,No,Yes,Yes,,FALSE,FALSE,Potentially applies,,Please consult funding source,Labomersa,UNOPSPartner,0,NOW(),0,FALSE,0
1022,Crown Agents,Active,Allowed,,,,,,,,Crown Agents,No,Yes,No,,FALSE,FALSE,Potentially applies,,Please consult funding source,Crown Agents,UNOPSPartner,0,NOW(),0,FALSE,0
1002,Accenture,Active,Allowed,,,,,,,,Accenture,No,Yes,No,,FALSE,FALSE,Potentially applies,,Please consult funding source,ECEAP Estonian Center for Eastern Partnership,UNOPSPartner,0,NOW(),0,FALSE,0
1734,Stanbic Bank Ghana,Active,Allowed,,,,,,,,Stanbic Bank Ghana,No,Yes,Yes,,FALSE,FALSE,Potentially applies,,Please consult funding source,Stanbic Bank Ghana,UNOPSPartner,0,NOW(),0,FALSE,0
1688,Novo Nordisk AS,Active,Allowed,,,,,,,,Novo Nordisk,No,Yes,Yes,,FALSE,FALSE,Potentially applies,,Please consult funding source,Novo Nordisk AS,UNOPSPartner,0,NOW(),0,FALSE,0
1712,ABDIB Associação Brasileira da Infraestrutura e Indústrias de Base,Active,Allowed,,,,,,,,ABDIB,No,Yes,Yes,,FALSE,FALSE,Potentially applies,,Please consult funding source,ABDIB Associação Brasileira da Infraestrutura e Indústrias de Base,UNOPSPartner,0,NOW(),0,FALSE,0
1656,BEGECA Beschaffungsgesellschaft mbH,Active,Allowed,,,,,,,,BEGECA,No,Yes,No,,FALSE,FALSE,Potentially applies,,Please consult funding source,BEGECA Beschaffungsgesellschaft mbH,UNOPSPartner,0,NOW(),0,FALSE,0
1741,RAP Regimen de Aportaciones Privadas,Active,Allowed,,,,,,,,RAP,No,Yes,Yes,,FALSE,FALSE,Potentially applies,,Please consult funding source,RAP Regimen de Aportaciones Privadas,UNOPSPartner,0,NOW(),0,FALSE,0
1710,Red Sea Trading Corporation Ltd.,Active,Allowed,,,,,,,,Red Sea Trading Corporation,No,Yes,Yes,,FALSE,FALSE,Potentially applies,,Please consult funding source,Red Sea Trading Corporation Ltd.,UNOPSPartner,0,NOW(),0,FALSE,0
1067,Mott MacDonald,Active,Allowed,,,,,,,,Mott MacDonald,No,Yes,No,,FALSE,FALSE,Potentially applies,,Please consult funding source,Mott MacDonald,UNOPSPartner,0,NOW(),0,FALSE,0
1745,Estee Lauder Companies,Active,Allowed,,,,,,,,Estee Lauder Companies,No,Yes,Yes,,FALSE,FALSE,Potentially applies,,Please consult funding source,Estee Lauder Companies,UNOPSPartner,0,NOW(),0,FALSE,0
1008,BCG Boston Consulting Group,Active,Allowed,,,,,,,,Boston Consulting Group,No,Yes,No,,FALSE,FALSE,Potentially applies,,Please consult funding source,BCG Boston Consulting Group,UNOPSPartner,0,NOW(),0,FALSE,0
1746,Abt Associates,Active,Allowed,,,,,,,,Abt Associates,No,Yes,Yes,,FALSE,FALSE,Potentially applies,,Please consult funding source,Abt Associates,UNOPSPartner,0,NOW(),0,FALSE,0
1153,SkyOcean Group Holdings,Active,Allowed,,,,,,,,SkyOcean,No,Yes,No,,FALSE,FALSE,Potentially applies,,Please consult funding source,SkyOcean Group Holdings,UNOPSPartner,0,NOW(),0,FALSE,0
1693,Miyamoto International,Active,Allowed,,,,,,,,Miyamoto International,No,Yes,No,,FALSE,FALSE,Potentially applies,,Please consult funding source,Miyamoto International,UNOPSPartner,0,NOW(),0,FALSE,0
1602,Coca Cola Company,Active,Allowed,,,,,,,,Coca Cola Company,No,Yes,No,,FALSE,FALSE,Potentially applies,,Please consult funding source,Coca Cola Company,UNOPSPartner,0,NOW(),0,FALSE,0
1670,DNA Genotek,Active,Allowed,,,,,,,,DNA Genotek,No,Yes,No,,FALSE,FALSE,Potentially applies,,Please consult funding source,DNA Genotek,UNOPSPartner,0,NOW(),0,FALSE,0
1777,Sony Group Corporation,Active,Allowed,,,,,,,,SONY,No,Yes,Yes,,FALSE,FALSE,Potentially applies,,Please consult funding source,Sony Group Corporation,UNOPSPartner,0,NOW(),0,FALSE,0
1457,Hemas PLC,Active,Allowed,,,,,,,,Hemas PLC,No,Yes,No,,FALSE,FALSE,Potentially applies,,Please consult funding source,Hemas PLC,UNOPSPartner,0,NOW(),0,FALSE,0
1599,Checci and Company Consulting,Active,Allowed,,,,,,,,Checci and Company,No,Yes,No,,FALSE,FALSE,Potentially applies,,Please consult funding source,Checci and Company Consulting,UNOPSPartner,0,NOW(),0,FALSE,0
1605,Marine Information Service B.V.,Active,Allowed,,,,,,,,Marine Information Service,No,Yes,No,,FALSE,FALSE,Potentially applies,,Please consult funding source,Marine Information Service B.V.,UNOPSPartner,0,NOW(),0,FALSE,0
1600,CISCO System,Active,Allowed,,,,,,,,CISCO,No,Yes,No,,FALSE,FALSE,Potentially applies,,Please consult funding source,CISCO System,UNOPSPartner,0,NOW(),0,FALSE,0
1038,FTB Foreign Trade Bank of Cambodia,Active,Allowed,,,,,,,,Foreign Trade Bank of Cambodia,No,Yes,No,,FALSE,FALSE,Potentially applies,,Please consult funding source,FTB Foreign Trade Bank of Cambodia,UNOPSPartner,0,NOW(),0,FALSE,0
1148,Philips,Active,Not allowed,,,,,,,,Philips,No,Yes,No,,FALSE,FALSE,Potentially applies,,Please consult funding source,Philips,UNOPSPartner,0,NOW(),0,FALSE,0
1657,WEM Worldwide Export Management,Active,Allowed,,,,,,,,WEM,No,Yes,No,,FALSE,FALSE,Potentially applies,,Please consult funding source,WEM Worldwide Export Management,UNOPSPartner,0,NOW(),0,FALSE,0
1015,South Sudan Common Humanitarian Fund,Active,Allowed,,,,,,,,SSHF,No,No,No,,FALSE,FALSE,Does not apply,3b) Funds from UN entity,,South Sudan Common Humanitarian Fund,UNOPSPartner,0,NOW(),0,FALSE,0
1027,Ebola Response MPTF,Active,Allowed,,,,,,,,Ebola Response MPTF,No,No,No,,FALSE,FALSE,Does not apply,3b) Funds from UN entity,,Ebola Response MPTF,UNOPSPartner,0,NOW(),0,FALSE,0
1151,Syria Emergency Response Fund,Active,Allowed,,,,,,,,Syria Emergency Response Fund,No,No,No,,FALSE,FALSE,Does not apply,3b) Funds from UN entity,,Syria Emergency Response Fund,UNOPSPartner,0,NOW(),0,FALSE,0
1154,UN Multi-Partner Trust Fund for Somalia (Somalia UN MPTF),Active,Allowed,,,,,,,,Somalia UN MPTF,No,No,No,,FALSE,FALSE,Does not apply,3b) Funds from UN entity,,UN Multi-Partner Trust Fund for Somalia (Somalia UN MPTF),UNOPSPartner,0,NOW(),0,FALSE,0
1166,UNDF United Nations Fund for Recovery Reconstruction and Development in Darfur,Active,Allowed,,,,,,,,UNDF,No,No,No,,FALSE,FALSE,Does not apply,3b) Funds from UN entity,,UNDF United Nations Fund for Recovery Reconstruction and Development in Darfur,UNOPSPartner,0,NOW(),0,FALSE,0
1168,UN General Trust Fund,Active,Allowed,,,,,,,,UN General Trust Fund,No,No,No,,FALSE,FALSE,Does not apply,3b) Funds from UN entity,,UN General Trust Fund,UNOPSPartner,0,NOW(),0,FALSE,0
1226,CERF Central Emergency Response Fund,Active,Allowed,,,,,,,,CERF,No,No,No,,FALSE,FALSE,Does not apply,3b) Funds from UN entity,,CERF Central Emergency Response Fund,UNOPSPartner,0,NOW(),0,FALSE,0
1237,UNPBF United Nations Peacebuilding Fund,Active,Allowed,,,,,,,,UNPBF,No,No,No,,FALSE,FALSE,Does not apply,3b) Funds from UN entity,,UNPBF United Nations Peacebuilding Fund,UNOPSPartner,0,NOW(),0,FALSE,0
1239,UNVFTC United Nations Voluntary Fund for Technical Co-operation in the Field of Human Rights,Active,Allowed,,,,,,,,UNVFTC,No,No,No,,FALSE,FALSE,Does not apply,3b) Funds from UN entity,,UNVFTC United Nations Voluntary Fund for Technical Co-operation in the Field of,UNOPSPartner,0,NOW(),0,FALSE,0
1240,UNVFVT United Nations Voluntary Fund for Victims of Torture,Active,Allowed,,,,,,,,UNVFVT,No,No,No,,FALSE,FALSE,Does not apply,3b) Funds from UN entity,,UNVFVT United Nations Voluntary Fund for Victims of Torture,UNOPSPartner,0,NOW(),0,FALSE,0
1241,UNVFD United Nations Voluntary Fund on Disability,Active,Allowed,,,,,,,,UNVFD,No,No,No,,FALSE,FALSE,Does not apply,3b) Funds from UN entity,,UNVFD United Nations Voluntary Fund on Disability,UNOPSPartner,0,NOW(),0,FALSE,0
1255,UNDEF United Nations Democracy Fund,Active,Allowed,,,,,,,,UNDEF,No,No,No,,FALSE,FALSE,Does not apply,3b) Funds from UN entity,,UNDEF United Nations Democracy Fund,UNOPSPartner,0,NOW(),0,FALSE,0
1258,UNFIP United Nations Fund for International Partnerships,Active,Allowed,,,,,,,,UNFIP,No,No,No,,FALSE,FALSE,Does not apply,3b) Funds from UN entity,,UNFIP United Nations Fund for International Partnerships,UNOPSPartner,0,NOW(),0,FALSE,0
1463,UN-Water Inter-agency Trust Fund,Active,Allowed,,,,,,,,UN-Water,Yes,No,No,,FALSE,FALSE,Does not apply,3b) Funds from UN entity,,UN-Water Inter-agency Trust Fund,UNOPSPartner,0,NOW(),0,FALSE,0
1464,Albania One UN Coherence Fund,Active,Not allowed,,,,,,,,Albania One UN Coherence Fund,No,No,No,,FALSE,FALSE,Does not apply,3b) Funds from UN entity,,Albania One UN Coherence Fund,UNOPSPartner,0,NOW(),0,FALSE,0
1465,Bhutan UN Country Fund,Active,Allowed,,,,,,,,Bhutan UN Country Fund,No,No,No,,FALSE,FALSE,Does not apply,3b) Funds from UN entity,,Bhutan UN Country Fund,UNOPSPartner,0,NOW(),0,FALSE,0
1466,Botswana UN Country Fund,Active,Not allowed,,,,,,,,Botswana UN Country Fund,No,No,No,,FALSE,FALSE,Does not apply,3b) Funds from UN entity,,Botswana UN Country Fund,UNOPSPartner,0,NOW(),0,FALSE,0
1467,Cape Verde Transition Fund,Active,Allowed,,,,,,,,Cape Verde Transition Fund,No,No,No,,FALSE,FALSE,Does not apply,3b) Funds from UN entity,,Cape Verde Transition Fund,UNOPSPartner,0,NOW(),0,FALSE,0
1468,Central African Republic Common Humanitarian Fund,Active,Allowed,,,,,,,,CAR HF,No,No,No,,FALSE,FALSE,Does not apply,3b) Funds from UN entity,,Central African Republic Common Humanitarian Fund,UNOPSPartner,0,NOW(),0,FALSE,0
1469,CFIA United Nations Central Fund for Influenza Action,Active,Allowed,,,,,,,,CFIA,No,No,No,,FALSE,FALSE,Does not apply,3b) Funds from UN entity,,CFIA United Nations Central Fund for Influenza Action,UNOPSPartner,0,NOW(),0,FALSE,0
1470,Community-based Based Adaptation to Climate Change,Active,Not allowed,,,,,,,,Community-based Based Adaptation to Clim,No,No,No,,FALSE,FALSE,Does not apply,3b) Funds from UN entity,,Community-based Based Adaptation to Climate Change,UNOPSPartner,0,NOW(),0,FALSE,0
1471,Comoros One UN Fund,Active,Allowed,,,,,,,,Comoros One UN Fund,No,No,No,,FALSE,FALSE,Does not apply,3b) Funds from UN entity,,Comoros One UN Fund,UNOPSPartner,0,NOW(),0,FALSE,0
1472,DCPSF Darfur Community Peace and Stability Fund,Active,Allowed,,,,,,,,DCPSF,No,No,No,,FALSE,FALSE,Does not apply,3b) Funds from UN entity,,DCPSF Darfur Community Peace and Stability Fund,UNOPSPartner,0,NOW(),0,FALSE,0
1473,DRC Pooled Fund,Active,Allowed,,,,,,,,DRC Pooled Fund,No,No,No,,FALSE,FALSE,Does not apply,3b) Funds from UN entity,,DRC Pooled Fund,UNOPSPartner,0,NOW(),0,FALSE,0
1474,DRC Stabilization and Recovery,Active,Not allowed,,,,,,,,DRC Stabilization and Recovery,No,No,No,,FALSE,FALSE,Does not apply,3b) Funds from UN entity,,DRC Stabilization and Recovery,UNOPSPartner,0,NOW(),0,FALSE,0
1475,Ethiopia One UN Fund,Active,Allowed,,,,,,,,Ethiopia One UN Fund,No,No,No,,FALSE,FALSE,Does not apply,3b) Funds from UN entity,,Ethiopia One UN Fund,UNOPSPartner,0,NOW(),0,FALSE,0
1476,Human Rights Mainstreaming Trust Fund,Active,Allowed,,,,,,,,Human Rights Mainstreaming Trust Fund,No,No,No,,FALSE,FALSE,Does not apply,3b) Funds from UN entity,,Human Rights Mainstreaming Trust Fund,UNOPSPartner,0,NOW(),0,FALSE,0
1477,Indonesia Disaster Recovery Trust Fund,Active,Allowed,,,,,,,,Indonesia Disaster Recovery Trust Fund,No,No,No,,FALSE,FALSE,Does not apply,3b) Funds from UN entity,,Indonesia Disaster Recovery Trust Fund,UNOPSPartner,0,NOW(),0,FALSE,0
1478,Iraq UNDAF Trust Fund,Active,Allowed,,,,,,,,Iraq UNDAF Trust Fund,No,No,No,,FALSE,FALSE,Does not apply,3b) Funds from UN entity,,Iraq UNDAF Trust Fund,UNOPSPartner,0,NOW(),0,FALSE,0
1479,JP Armed Violence Prevention,Active,Not allowed,,,,,,,,JP Armed Violence Prevention,No,No,No,,FALSE,FALSE,Does not apply,3b) Funds from UN entity,,JP Armed Violence Prevention,UNOPSPartner,0,NOW(),0,FALSE,0
1480,JP LGSP-LIC Bangladesh Local Governance Support Project – Learning and Innovation Component,Active,Not allowed,,,,,,,,JP Bangladesh LGSP–LIC,No,No,No,,FALSE,FALSE,Does not apply,3b) Funds from UN entity,,JP LGSP-LIC Bangladesh Local Governance Support Project – Learning and Innovatio,UNOPSPartner,0,NOW(),0,FALSE,0
1481,JP Chad DIS Security,Active,Not allowed,,,,,,,,JP Chad DIS Security,No,No,No,,FALSE,FALSE,Does not apply,3b) Funds from UN entity,,JP Chad DIS Security,UNOPSPartner,0,NOW(),0,FALSE,0
1482,JP DRC Microfinance II,Active,Not allowed,,,,,,,,JP DRC Microfinance II,No,No,No,,FALSE,FALSE,Does not apply,3b) Funds from UN entity,,JP DRC Microfinance II,UNOPSPartner,0,NOW(),0,FALSE,0
1483,JP DRC Security Sect Reform,Active,Not allowed,,,,,,,,JP DRC Security Sect Reform,No,No,No,,FALSE,FALSE,Does not apply,3b) Funds from UN entity,,JP DRC Security Sect Reform,UNOPSPartner,0,NOW(),0,FALSE,0
1484,JP Guatemala Maya Programme,Active,Allowed,,,,,,,,JP Guatemala Maya Programme,No,No,No,,FALSE,FALSE,Does not apply,3b) Funds from UN entity,,JP Guatemala Maya Programme,UNOPSPartner,0,NOW(),0,FALSE,0
1485,JP Guatemala Rural Dev,Active,Not allowed,,,,,,,,JP Guatemala Rural Dev,No,No,No,,FALSE,FALSE,Does not apply,3b) Funds from UN entity,,JP Guatemala Rural Dev,UNOPSPartner,0,NOW(),0,FALSE,0
1486,JP Kazakhstan Innov Aprch RPSS,Active,Not allowed,,,,,,,,JP Kazakhstan Innov Aprch RPSS,No,No,No,,FALSE,FALSE,Does not apply,3b) Funds from UN entity,,JP Kazakhstan Innov Aprch RPSS,UNOPSPartner,0,NOW(),0,FALSE,0
1487,JP Kenya HIV and AIDS,Active,Not allowed,,,,,,,,JP Kenya HIV and AIDS,No,No,No,,FALSE,FALSE,Does not apply,3b) Funds from UN entity,,JP Kenya HIV and AIDS,UNOPSPartner,0,NOW(),0,FALSE,0
1488,JP Kosovo Domestic Violence,Active,Not allowed,,,,,,,,JP Kosovo Domestic Violence,No,No,No,,FALSE,FALSE,Does not apply,3b) Funds from UN entity,,JP Kosovo Domestic Violence,UNOPSPartner,0,NOW(),0,FALSE,0
1489,JP Lao Governance and Public Administration Reform,Active,Not allowed,,,,,,,,JP Lao Govern/Public Admin,No,No,No,,FALSE,FALSE,Does not apply,3b) Funds from UN entity,,JP Lao Governance and Public Administration Reform,UNOPSPartner,0,NOW(),0,FALSE,0
1490,JP Liberia Food Security,Active,Not allowed,,,,,,,,JP Liberia Food Security,No,No,No,,FALSE,FALSE,Does not apply,3b) Funds from UN entity,,JP Liberia Food Security,UNOPSPartner,0,NOW(),0,FALSE,0
1491,JP Liberia Gender Equality,Active,Not allowed,,,,,,,,JP Liberia Gender Equality,No,No,No,,FALSE,FALSE,Does not apply,3b) Funds from UN entity,,JP Liberia Gender Equality,UNOPSPartner,0,NOW(),0,FALSE,0
1492,JP Mali Agro Pastoral Products,Active,Not allowed,,,,,,,,JP Mali Agro Pastoral Products,No,No,No,,FALSE,FALSE,Does not apply,3b) Funds from UN entity,,JP Mali Agro Pastoral Products,UNOPSPartner,0,NOW(),0,FALSE,0
1493,JP Moldova Integrated Local Development Programme,Active,Not allowed,,,,,,,,JP Moldova JILDP,No,No,No,,FALSE,FALSE,Does not apply,3b) Funds from UN entity,,JP Moldova Integrated Local Development Programme,UNOPSPartner,0,NOW(),0,FALSE,0
1494,JP Nepal LGCDP Local Governance and Community Development Programme,Active,Not allowed,,,,,,,,JP Nepal LGCDP,No,No,No,,FALSE,FALSE,Does not apply,3b) Funds from UN entity,,JP Nepal LGCDP Local Governance and Community Development Programme,UNOPSPartner,0,NOW(),0,FALSE,0
1495,JP Serbia SCILD Strengthening Capacity for Inclusive Local Development,Active,Not allowed,,,,,,,,JP Serbia SCILD,No,No,No,,FALSE,FALSE,Does not apply,3b) Funds from UN entity,,JP Serbia SCILD Strengthening Capacity for Inclusive Local Development,UNOPSPartner,0,NOW(),0,FALSE,0
1496,JP Solomon Islands PGSP Provincial Governance Strengthening Programme,Active,Not allowed,,,,,,,,JP Solomon Islands PGSP,No,No,No,,FALSE,FALSE,Does not apply,3b) Funds from UN entity,,JP Solomon Islands PGSP Provincial Governance Strengthening Programme,UNOPSPartner,0,NOW(),0,FALSE,0
1497,JP Somalia Local Governance and Decentralized Service Delivery,Active,Not allowed,,,,,,,,JP Somalia Loc Gov and Decentral,No,No,No,,FALSE,FALSE,Does not apply,3b) Funds from UN entity,,JP Somalia Local Governance and Decentralized Service Delivery,UNOPSPartner,0,NOW(),0,FALSE,0
1498,JP TFYR SNC PDV Macedonia Strengthening National Capacities to Prevent Domestic Violence,Active,Not allowed,,,,,,,,JP TFYR Macedonia Dom Violence,No,No,No,,FALSE,FALSE,Does not apply,3b) Funds from UN entity,,JP TFYR SNC PDV Macedonia Strengthening National Capacities to Prevent Domestic,UNOPSPartner,0,NOW(),0,FALSE,0
1499,JP Timor-Leste INFUSE Inclusive Finance for Under-Served Economy,Active,Not allowed,,,,,,,,JP Timor-Leste INFUSE,No,No,No,,FALSE,FALSE,Does not apply,3b) Funds from UN entity,,JP Timor-Leste INFUSE Inclusive Finance for Under-Served Economy,UNOPSPartner,0,NOW(),0,FALSE,0
1500,JP Timor-Leste LGSP Local Governance Support Programme,Active,Not allowed,,,,,,,,JP Timor-Leste LGSP,No,No,No,,FALSE,FALSE,Does not apply,3b) Funds from UN entity,,JP Timor-Leste LGSP Local Governance Support Programme,UNOPSPartner,0,NOW(),0,FALSE,0
1501,JP Uganda Gender Equality,Active,Not allowed,,,,,,,,JP Uganda Gender Equality,No,No,No,,FALSE,FALSE,Does not apply,3b) Funds from UN entity,,JP Uganda Gender Equality,UNOPSPartner,0,NOW(),0,FALSE,0
1502,JP Uganda Support for AIDS,Active,Allowed,,,,,,,,JP Uganda Support for AIDS,No,No,No,,FALSE,FALSE,Does not apply,3b) Funds from UN entity,,JP Uganda Support for AIDS,UNOPSPartner,0,NOW(),0,FALSE,0
1503,Kiribati One UN Fund,Active,Not allowed,,,,,,,,Kiribati One UN Fund,No,No,No,,FALSE,FALSE,Does not apply,3b) Funds from UN entity,,Kiribati One UN Fund,UNOPSPartner,0,NOW(),0,FALSE,0
1504,Kyrgyzstan One Fund,Active,Not allowed,,,,,,,,Kyrgyzstan One Fund,No,No,No,,FALSE,FALSE,Does not apply,3b) Funds from UN entity,,Kyrgyzstan One Fund,UNOPSPartner,0,NOW(),0,FALSE,0
1505,Lebanon Recovery Fund,Active,Not allowed,,,,,,,,Lebanon Recovery Fund,No,No,No,,FALSE,FALSE,Does not apply,3b) Funds from UN entity,,Lebanon Recovery Fund,UNOPSPartner,0,NOW(),0,FALSE,0
1506,Lesotho One UN Fund,Active,Allowed,,,,,,,,Lesotho One UN Fund,No,No,No,,FALSE,FALSE,Does not apply,3b) Funds from UN entity,,Lesotho One UN Fund,UNOPSPartner,0,NOW(),0,FALSE,0
1507,Malawi One UN Fund,Active,Not allowed,,,,,,,,Malawi One UN Fund,No,No,No,,FALSE,FALSE,Does not apply,3b) Funds from UN entity,,Malawi One UN Fund,UNOPSPartner,0,NOW(),0,FALSE,0
1508,Maldives One UN Fund,Active,Not allowed,,,,,,,,Maldives One UN Fund,No,No,No,,FALSE,FALSE,Does not apply,3b) Funds from UN entity,,Maldives One UN Fund,UNOPSPartner,0,NOW(),0,FALSE,0
1509,MDG Achievement Fund,Active,Not allowed,,,,,,,,MDG Achievement Fund,No,No,No,,FALSE,FALSE,Does not apply,3b) Funds from UN entity,,MDG Achievement Fund,UNOPSPartner,0,NOW(),0,FALSE,0
1510,Montenegro UN Country Fund,Active,Not allowed,,,,,,,,Montenegro UN Country Fund,No,No,No,,FALSE,FALSE,Does not apply,3b) Funds from UN entity,,Montenegro UN Country Fund,UNOPSPartner,0,NOW(),0,FALSE,0
1511,Mozambique One UN Fund,Active,Allowed,,,,,,,,Mozambique One UN Fund,No,No,No,,FALSE,FALSE,Does not apply,3b) Funds from UN entity,,Mozambique One UN Fund,UNOPSPartner,0,NOW(),0,FALSE,0
1512,Nepal - UN Peace Fund,Active,Not allowed,,,,,,,,Nepal - UN Peace Fund,No,No,No,,FALSE,FALSE,Does not apply,3b) Funds from UN entity,,Nepal - UN Peace Fund,UNOPSPartner,0,NOW(),0,FALSE,0
1513,Pakistan One Fund,Active,Not allowed,,,,,,,,Pakistan One Fund,No,No,No,,FALSE,FALSE,Does not apply,3b) Funds from UN entity,,Pakistan One Fund,UNOPSPartner,0,NOW(),0,FALSE,0
1514,PBF Peacebuilding Fund,Active,Not allowed,,,,,,,,PBF,No,No,No,,FALSE,FALSE,Does not apply,3b) Funds from UN entity,,PBF Peacebuilding Fund,UNOPSPartner,0,NOW(),0,FALSE,0
1515,PNG UN Country Fund,Active,Allowed,,,,,,,,PNG UN Country Fund,No,No,No,,FALSE,FALSE,Does not apply,3b) Funds from UN entity,,PNG UN Country Fund,UNOPSPartner,0,NOW(),0,FALSE,0
1516,REDD+ JP Partnership Support,Active,Allowed,,,,,,,,REDD+ JP Partnership Support,No,No,No,,FALSE,FALSE,Does not apply,3b) Funds from UN entity,,REDD+ JP Partnership Support,UNOPSPartner,0,NOW(),0,FALSE,0
1517,Rwanda One UN Fund,Active,Allowed,,,,,,,,Rwanda One UN Fund,No,No,No,,FALSE,FALSE,Does not apply,3b) Funds from UN entity,,Rwanda One UN Fund,UNOPSPartner,0,NOW(),0,FALSE,0
1518,Sierra Leone MDTF,Active,Allowed,,,,,,,,Sierra Leone MDTF,No,No,No,,FALSE,FALSE,Does not apply,3b) Funds from UN entity,,Sierra Leone MDTF,UNOPSPartner,0,NOW(),0,FALSE,0
1519,Somalia Common Humanitarian Fund,Active,Allowed,,,,,,,,Somalia Common Humanitarian Fd,No,No,No,,FALSE,FALSE,Does not apply,3b) Funds from UN entity,,Somalia Common Humanitarian Fund,UNOPSPartner,0,NOW(),0,FALSE,0
1520,SSRF South Sudan Recovery Fund,Active,Allowed,,,,,,,,SSRF,No,No,No,,FALSE,FALSE,Does not apply,3b) Funds from UN entity,,SSRF South Sudan Recovery Fund,UNOPSPartner,0,NOW(),0,FALSE,0
1521,Sudan Common Humanitarian Fund,Active,Allowed,,,,,,,,Sudan Common Humanitarian Fund,No,No,No,,FALSE,FALSE,Does not apply,3b) Funds from UN entity,,Sudan Common Humanitarian Fund,UNOPSPartner,0,NOW(),0,FALSE,0
1522,Tanzania One UN Fund,Active,Allowed,,,,,,,,Tanzania One UN Fund,No,No,No,,FALSE,FALSE,Does not apply,3b) Funds from UN entity,,Tanzania One UN Fund,UNOPSPartner,0,NOW(),0,FALSE,0
1523,UN Action Against Sexual Violence in Conflict,Active,Allowed,,,,,,,,UN Action,No,No,No,,FALSE,FALSE,Does not apply,3b) Funds from UN entity,,UN Action Against Sexual Violence in Conflict,UNOPSPartner,0,NOW(),0,FALSE,0
1524,UN Civil Society Trust Fund,Active,Allowed,,,,,,,,UN Civil Society Trust Fund,No,No,No,,FALSE,FALSE,Does not apply,3b) Funds from UN entity,,UN Civil Society Trust Fund,UNOPSPartner,0,NOW(),0,FALSE,0
1525,UNIPP United Nations Indigenous Peoples’ Partnership,Active,Allowed,,,,,,,,UNIPP,No,No,No,,FALSE,FALSE,Does not apply,3b) Funds from UN entity,,UNIPP United Nations Indigenous Peoples’ Partnership,UNOPSPartner,0,NOW(),0,FALSE,0
1526,UN Trust Fund for Human Security,Active,Not allowed,,,,,,,,UNTFHS,No,No,No,,FALSE,FALSE,Does not apply,3b) Funds from UN entity,,UN Trust Fund for Human Security,UNOPSPartner,0,NOW(),0,FALSE,0
1527,UN Trust Fund to End Volence Against Women,Active,Allowed,,,,,,,,UN Trust Fund,No,No,No,,FALSE,FALSE,Does not apply,3b) Funds from UN entity,,UN Trust Fund to End Volence Against Women,UNOPSPartner,0,NOW(),0,FALSE,0
1528,Haiti Reconstruction Fund,Active,Allowed,,,,,,,,UNDG HRF,No,No,No,,FALSE,FALSE,Does not apply,3b) Funds from UN entity,,Haiti Reconstruction Fund,UNOPSPartner,0,NOW(),0,FALSE,0
1529,UNDG Iraq Trust Fund,Active,Not allowed,,,,,,,,UNDG ITF,No,No,No,,FALSE,FALSE,Does not apply,3b) Funds from UN entity,,UNDG Iraq Trust Fund,UNOPSPartner,0,NOW(),0,FALSE,0
1530,UN-REDD Programme Fund,Active,Allowed,,,,,,,,UN-REDD,No,No,No,,FALSE,FALSE,Does not apply,3b) Funds from UN entity,,UN-REDD Programme Fund,UNOPSPartner,0,NOW(),0,FALSE,0
1531,Uruguay One UN Coherence Fund,Active,Allowed,,,,,,,,Uruguay One UN Coherence Fund,No,No,No,,FALSE,FALSE,Does not apply,3b) Funds from UN entity,,Uruguay One UN Coherence Fund,UNOPSPartner,0,NOW(),0,FALSE,0
1532,Viet Nam One Plan Fund I,Active,Not allowed,,,,,,,,Viet Nam One Plan Fund I,No,No,No,,FALSE,FALSE,Does not apply,3b) Funds from UN entity,,Viet Nam One Plan Fund I,UNOPSPartner,0,NOW(),0,FALSE,0
1533,Viet Nam One Plan Fund II,Active,Not allowed,,,,,,,,Viet Nam One Plan Fund II,No,No,No,,FALSE,FALSE,Does not apply,3b) Funds from UN entity,,Viet Nam One Plan Fund II,UNOPSPartner,0,NOW(),0,FALSE,0
1538,Other UNDP MDTF,Active,Not allowed,,,,,,,,Other UNDP MDTF,No,No,No,,FALSE,FALSE,Does not apply,3b) Funds from UN entity,,Other UNDP MDTF,UNOPSPartner,0,NOW(),0,FALSE,0
1539,Other UNDP JP,Active,Not allowed,,,,,,,,Other UNDP JP,No,No,No,,FALSE,FALSE,Does not apply,3b) Funds from UN entity,,Other UNDP JP,UNOPSPartner,0,NOW(),0,FALSE,0
1545,UN Fund for Sudano-Sahelian Activities,Active,Not allowed,,,,,,,,UNSO,No,No,No,,FALSE,FALSE,Does not apply,3b) Funds from UN entity,,UN Fund for Sudano-Sahelian Activities,UNOPSPartner,0,NOW(),0,FALSE,0
1643,VTF UN Voluntary Trust Fund for Assistance in Mine Action,Active,Allowed,,,,,,,,UN VTF,Yes,No,No,,FALSE,FALSE,Does not apply,3b) Funds from UN entity,,VTF UN Voluntary Trust Fund for Assistance in Mine Action,UNOPSPartner,0,NOW(),0,FALSE,0
1705,UN Haiti Cholera Response Multi-Partner Trust Fund,Active,Allowed,,,,,,,,UN Haiti Cholera MPTF,No,No,No,,FALSE,FALSE,Does not apply,3b) Funds from UN entity,,UN Haiti Cholera Response Multi-Partner Trust Fund,UNOPSPartner,0,NOW(),0,FALSE,0
1718,UNTFHS United Nations Trust Fund for Human Security,Active,Allowed,,,,,,,,UNTFHS,No,No,No,,FALSE,FALSE,Does not apply,3b) Funds from UN entity,,UNTFHS United Nations Trust Fund for Human Security,UNOPSPartner,0,NOW(),0,FALSE,0
1760,UNITLIFE United Nations Initiative Fighting Chronic Malnutrition Through Innovation,Active,Allowed,,,,,,,,UNITLIFE,No,Yes,Yes,,FALSE,FALSE,Does not apply,3b) Funds from UN entity,,UNITLIFE United Nations Initiative Fighting Chronic Malnutrition Through Innovat,UNOPSPartner,0,NOW(),0,FALSE,0
1765,United Nations Multi-Partner Trust Fund Office,Active,Allowed,,,,,,,,UN MPTF Office,No,No,No,,FALSE,FALSE,Does not apply,3b) Funds from UN entity,,United Nations Multi-Partner Trust Fund Office,UNOPSPartner,0,NOW(),0,FALSE,0
1779,United Nations Sri Lanka SDG Multi-Partner Trust Fund,Active,Allowed,,,,,,,,UN Sri Lanka SDG MPTF,Yes,No,No,,FALSE,FALSE,Does not apply,3b) Funds from UN entity,,United Nations Sri Lanka SDG Multi-Partner Trust Fund,UNOPSPartner,0,NOW(),0,FALSE,0
1234,UNSDG United Nations Sustainable Development Group (formerly UNDG),Active,Allowed,,,,,,,,UNDG,No,No,No,,FALSE,FALSE,Does not apply,3b) Funds from UN entity,,UNSDG United Nations Sustainable Development Group (formerly UNDG),UNOPSPartner,0,NOW(),0,FALSE,0
1014,CEB United Nations System Chief Executives Board for Coordination,Active,Not allowed,,,,,,,,CEB,No,No,No,,FALSE,FALSE,Does not apply,3b) Funds from UN entity,,CEB United Nations System Chief Executives Board for Coordination,UNOPSPartner,0,NOW(),0,FALSE,0
1764,United Nations Resident Coordinator Office - Sri Lanka,Active,Allowed,,,,,,,,UNRCo - Sri Lanka,No,No,No,,FALSE,FALSE,Does not apply,3b) Funds from UN entity,,United Nations Resident Coordinator Office - Sri Lanka,UNOPSPartner,0,NOW(),0,FALSE,0
1245,IAEA International Atomic Energy Agency,Active,Allowed,,,,,,,,IAEA,No,No,No,,FALSE,FALSE,Does not apply,3b) Funds from UN entity,,IAEA International Atomic Energy Agency,UNOPSPartner,0,NOW(),0,FALSE,0
1252,OPCW Organisation for the Prohibition of Chemical Weapons,Active,Allowed,,,,,,,,OPCW,No,No,No,,FALSE,FALSE,Does not apply,3b) Funds from UN entity,,OPCW Organisation for the Prohibition of Chemical Weapons,UNOPSPartner,0,NOW(),0,FALSE,0
1576,IOM International Organization for Migration,Active,Allowed,,,,,,,,IOM,No,No,No,,FALSE,FALSE,Does not apply,3b) Funds from UN entity,,IOM International Organization for Migration,UNOPSPartner,0,NOW(),0,FALSE,0
1265,WTO World Trade Organization,Active,Allowed,,,,,,,,WTO,No,No,No,,FALSE,FALSE,Does not apply,3b) Funds from UN entity,,WTO World Trade Organization,UNOPSPartner,0,NOW(),0,FALSE,0
1221,UNAIDS Joint United Nations Programme on HIV/AIDS,Active,Allowed,,,,,,,,UNAIDS,No,No,No,,FALSE,FALSE,Does not apply,3b) Funds from UN entity,,UNAIDS Joint United Nations Programme on HIV/AIDS,UNOPSPartner,0,NOW(),0,FALSE,0
1563,UNDP - Regional Bureau for Latin America and Carribbean,Active,Not allowed,,,,,,,,UNDP RBLAC,No,No,No,,FALSE,FALSE,Does not apply,3b) Funds from UN entity,,UNDP United Nations Development Programme,UNOPSPartner,0,NOW(),0,FALSE,0
1187,UNDP - MSA Bilateral Donors,Active,Not allowed,,,,,,,,UNDP - MSA Bilateral Donors,No,No,No,,FALSE,FALSE,Does not apply,3b) Funds from UN entity,,UNDP United Nations Development Programme,UNOPSPartner,0,NOW(),0,FALSE,0
1554,UNDP - Office of Communications,Active,Not allowed,,,,,,,,UNDP - OC,No,No,No,,FALSE,FALSE,Does not apply,3b) Funds from UN entity,,UNDP United Nations Development Programme,UNOPSPartner,0,NOW(),0,FALSE,0
1197,UNV United Nations Volunteers,Active,Allowed,,,,,,,,UNV,No,No,No,,FALSE,FALSE,Does not apply,3b) Funds from UN entity,,UNV United Nations Volunteers,UNOPSPartner,0,NOW(),0,FALSE,0
1550,UNDP - Human Development Report Office,Active,Not allowed,,,,,,,,UNDP HDRO,No,No,No,,FALSE,FALSE,Does not apply,3b) Funds from UN entity,,UNDP United Nations Development Programme,UNOPSPartner,0,NOW(),0,FALSE,0
1556,UNDP - Development Group Office,Active,Not allowed,,,,,,,,UNDP - UNDG,No,No,No,,FALSE,FALSE,Does not apply,3b) Funds from UN entity,,UNDP United Nations Development Programme,UNOPSPartner,0,NOW(),0,FALSE,0
1775,UNDP - Task Force on Nature Related Disclosures,Active,Allowed,,,,,,,,UNDP - TNFD,No,No,No,,FALSE,FALSE,Does not apply,3b) Funds from UN entity,,UNDP United Nations Development Programme,UNOPSPartner,0,NOW(),0,FALSE,0
1198,WFP United Nations World Food Programme,Active,Allowed,,,,,,,,WFP,No,No,No,,FALSE,FALSE,Does not apply,3b) Funds from UN entity,,WFP United Nations World Food Programme,UNOPSPartner,0,NOW(),0,FALSE,0
1191,UNDP - MSA Trust Funds,Active,Not allowed,,,,,,,,UNDP - MSA Trust Funds,No,No,No,,FALSE,FALSE,Does not apply,3b) Funds from UN entity,,UNDP United Nations Development Programme,UNOPSPartner,0,NOW(),0,FALSE,0
1185,UNICEF United Nations Children's Fund,Active,Allowed,,,,,,,,UNICEF,No,No,No,,FALSE,FALSE,Does not apply,3b) Funds from UN entity,,UNICEF United Nations Children's Fund,UNOPSPartner,0,NOW(),0,FALSE,0
1570,UNDP United Nations Development Programme,Active,Allowed,,,,,,,,UNDP,No,No,No,,FALSE,FALSE,Does not apply,3b) Funds from UN entity,,UNDP United Nations Development Programme,UNOPSPartner,0,NOW(),0,FALSE,0
1551,UNDP - Office of Audit and Investigations,Active,Not allowed,,,,,,,,UNDP OAI,No,No,No,,FALSE,FALSE,Does not apply,3b) Funds from UN entity,,UNDP United Nations Development Programme,UNOPSPartner,0,NOW(),0,FALSE,0
1562,UNDP - Regional Bureau for Arab States,Active,Not allowed,,,,,,,,UNDP RBAS,No,No,No,,FALSE,FALSE,Does not apply,3b) Funds from UN entity,,UNDP United Nations Development Programme,UNOPSPartner,0,NOW(),0,FALSE,0
1193,UN-HABITAT United Nations Human Settlement Programme,Active,Allowed,,,,,,,,UN-HABITAT,No,No,No,,FALSE,FALSE,Does not apply,3b) Funds from UN entity,,UN-HABITAT United Nations Human Settlement Programme,UNOPSPartner,0,NOW(),0,FALSE,0
1190,UNDP - MSA Recipient Governments,Active,Not allowed,,,,,,,,UNDP - MSA Recipient Governments,No,No,No,,FALSE,FALSE,Does not apply,3b) Funds from UN entity,,UNDP United Nations Development Programme,UNOPSPartner,0,NOW(),0,FALSE,0
1195,UNFPA United Nations Population Fund,Active,Allowed,,,,,,,,UNFPA,No,No,No,,FALSE,FALSE,Does not apply,3b) Funds from UN entity,,UNFPA United Nations Population Fund,UNOPSPartner,0,NOW(),0,FALSE,0
1559,UNDP - Bureau for Management Services,Active,Not allowed,,,,,,,,UNDP BMS,No,No,No,,FALSE,FALSE,Does not apply,3b) Funds from UN entity,,UNDP United Nations Development Programme,UNOPSPartner,0,NOW(),0,FALSE,0
1189,UNDP - MSA NGOs,Active,Not allowed,,,,,,,,UNDP - MSA NGOs,No,No,No,,FALSE,FALSE,Does not apply,3b) Funds from UN entity,,UNDP United Nations Development Programme,UNOPSPartner,0,NOW(),0,FALSE,0
1555,UNDP - Independent Evaluation Office,Active,Not allowed,,,,,,,,UNDP IEO,No,No,No,,FALSE,FALSE,Does not apply,3b) Funds from UN entity,,UNDP United Nations Development Programme,UNOPSPartner,0,NOW(),0,FALSE,0
1566,UNDP Global Environmental Finance,Active,Allowed,,,,,,,,UNDP GEF,No,No,No,,FALSE,FALSE,Does not apply,3b) Funds from UN entity,,UNDP United Nations Development Programme,UNOPSPartner,0,NOW(),0,FALSE,0
1549,UNDP - Operations Support Group,Active,Not allowed,,,,,,,,UNDP OSG,No,No,No,,FALSE,FALSE,Does not apply,3b) Funds from UN entity,,UNDP United Nations Development Programme,UNOPSPartner,0,NOW(),0,FALSE,0
1548,UNDP - Office of the Administrator,Active,Not allowed,,,,,,,,UNDP - Office of the Administrator,No,No,No,,FALSE,FALSE,Does not apply,3b) Funds from UN entity,,UNDP United Nations Development Programme,UNOPSPartner,0,NOW(),0,FALSE,0
1558,UNDP - Bureau for Policy and Programme Support,Active,Not allowed,,,,,,,,UNDP BPPS,No,No,No,,FALSE,FALSE,Does not apply,3b) Funds from UN entity,,UNDP United Nations Development Programme,UNOPSPartner,0,NOW(),0,FALSE,0
1762,UN Technology Bank for LDC,Active,Allowed,,,,,,,,UN TBLDC,No,No,No,,FALSE,FALSE,Does not apply,3b) Funds from UN entity,,UN Technology Bank for LDC,UNOPSPartner,0,NOW(),0,FALSE,0
1188,UNDP - MSA Lending Institutions,Active,Not allowed,,,,,,,,UNDP - MSA Lending Institutions,No,No,No,,FALSE,FALSE,Does not apply,3b) Funds from UN entity,,UNDP United Nations Development Programme,UNOPSPartner,0,NOW(),0,FALSE,0
1557,UNDP - Crisis Bureau,Active,Not allowed,,,,,,,,UNDP CB,No,No,No,,FALSE,FALSE,Does not apply,3b) Funds from UN entity,,UNDP United Nations Development Programme,UNOPSPartner,0,NOW(),0,FALSE,0
1561,UNDP - Regional Bureau for Asia and the Pacific,Active,Not allowed,,,,,,,,UNDP RBAP,No,No,No,,FALSE,FALSE,Does not apply,3b) Funds from UN entity,,UNDP United Nations Development Programme,UNOPSPartner,0,NOW(),0,FALSE,0
1184,UNCDF United Nations Capital Development Fund,Active,Allowed,,,,,,,,UNCDF,No,No,No,,FALSE,FALSE,Does not apply,3b) Funds from UN entity,,UNCDF United Nations Capital Development Fund,UNOPSPartner,0,NOW(),0,FALSE,0
1553,UNDP - Bureau for External Relations and Advocacy,Active,Not allowed,,,,,,,,UNDP BERA,No,No,No,,FALSE,FALSE,Does not apply,3b) Funds from UN entity,,UNDP United Nations Development Programme,UNOPSPartner,0,NOW(),0,FALSE,0
1565,IAPSO Inter-Agency Procurement Services Organization,Active,Not allowed,,,,,,,,IAPSO,No,No,No,,FALSE,FALSE,Does not apply,3b) Funds from UN entity,,UNDP United Nations Development Programme,UNOPSPartner,0,NOW(),0,FALSE,0
1552,UNDP - Special Unit for South-South Cooperation,Active,Not allowed,,,,,,,,UNDP UNSSC,No,No,No,,FALSE,FALSE,Does not apply,3b) Funds from UN entity,,UNDP United Nations Development Programme,UNOPSPartner,0,NOW(),0,FALSE,0
1651,UNDP cash-based,Active,Not allowed,,,,,,,,UNDP - Other,No,No,No,,FALSE,FALSE,Does not apply,3b) Funds from UN entity,,UNDP United Nations Development Programme,UNOPSPartner,0,NOW(),0,FALSE,0
1564,UNDP - Regional Bureau for Europe and CIS,Active,Not allowed,,,,,,,,UNDP RBEC,No,No,No,,FALSE,FALSE,Does not apply,3b) Funds from UN entity,,UNDP United Nations Development Programme,UNOPSPartner,0,NOW(),0,FALSE,0
1192,UNEP United Nations Environment Programme,Active,Allowed,,,,,,,,UNEP,No,No,No,,FALSE,FALSE,Does not apply,3b) Funds from UN entity,,UNEP United Nations Environment Programme,UNOPSPartner,0,NOW(),0,FALSE,0
1560,UNDP - Regional Bureau for Africa,Active,Not allowed,,,,,,,,UNDP RBA,No,No,No,,FALSE,FALSE,Does not apply,3b) Funds from UN entity,,UNDP United Nations Development Programme,UNOPSPartner,0,NOW(),0,FALSE,0
9006,Cost recovery - reserve,Active,Allowed,,,,,,,,Cost recovery - reserve,No,No,No,,FALSE,FALSE,Does not apply,3b) Funds from UN entity,,UNOPS United Nations Office for Project Services,UNOPSPartner,0,NOW(),0,FALSE,0
1233,UN Web Buy,Active,Allowed,,,,,,,,UN Web Buy,No,No,No,,FALSE,FALSE,Does not apply,3b) Funds from UN entity,,UNOPS United Nations Office for Project Services,UNOPSPartner,0,NOW(),0,FALSE,0
1609,UNOPS United Nations Office for Project Services,Active,Allowed,,,,,,,,UNOPS,No,No,No,,FALSE,FALSE,Does not apply,3b) Funds from UN entity,,UNOPS United Nations Office for Project Services,UNOPSPartner,0,NOW(),0,FALSE,0
8001,S3I Social Impact Investment Initiatives,Active,Allowed,,,,,,,,S3I,No,No,No,,FALSE,FALSE,Does not apply,6) Thematic Fund,,UNOPS United Nations Office for Project Services,UNOPSPartner,0,NOW(),0,FALSE,0
9008,Pooled admin resources,Active,Allowed,,,,,,,,Pooled admin resources,No,No,No,,FALSE,FALSE,Does not apply,3b) Funds from UN entity,,UNOPS United Nations Office for Project Services,UNOPSPartner,0,NOW(),0,FALSE,0
9011,UNOPS Crowd Funding pool,Active,Allowed,,,,,,,,UNOPS Crowd Funding pool,No,No,No,,FALSE,FALSE,Does not apply,3b) Funds from UN entity,,UNOPS United Nations Office for Project Services,UNOPSPartner,0,NOW(),0,FALSE,0
1220,ICC International Computing Centre,Active,Allowed,,,,,,,,UN ICC,No,No,No,,FALSE,FALSE,Does not apply,3b) Funds from UN entity,,ICC International Computing Centre,UNOPSPartner,0,NOW(),0,FALSE,0
1056,"KIP-TF Knowledge, Innovation and Policies for Territorial Development Trust Fund",Active,Allowed,,,,,,,,KIP-TF,No,No,No,,FALSE,FALSE,Does not apply,3b) Funds from UN entity,,UNOPS United Nations Office for Project Services,UNOPSPartner,0,NOW(),0,FALSE,0
1758,UNGM United Nations Global Marketplace,Active,Allowed,,,,,,,,UNGM,Yes,No,No,,FALSE,FALSE,Does not apply,3b) Funds from UN entity,,UNGM United Nations Global Marketplace,UNOPSPartner,0,NOW(),0,FALSE,0
9007,Cost recovery deferred revenue,Active,Allowed,,,,,,,,Cost recovery deferred revenue,No,No,No,,FALSE,FALSE,Does not apply,3b) Funds from UN entity,,UNOPS United Nations Office for Project Services,UNOPSPartner,0,NOW(),0,FALSE,0
1183,UNHCR Office of the United Nations High Commissioner for Refugees,Active,Allowed,,,,,,,,UNHCR,No,No,No,,FALSE,FALSE,Does not apply,3b) Funds from UN entity,,UNHCR Office of the United Nations High Commissioner for Refugees,UNOPSPartner,0,NOW(),0,FALSE,0
9010,CLP Defect Liability Project,Active,Allowed,,,,,,,,CLP Defect Liability Project,No,No,No,,FALSE,FALSE,Does not apply,3b) Funds from UN entity,,UNOPS United Nations Office for Project Services,UNOPSPartner,0,NOW(),0,FALSE,0
1196,UNRWA United Nations Relief and Works Agency for Palestine Refugees in the Near East,Active,Allowed,,,,,,,,UNRWA,No,No,No,,FALSE,FALSE,Does not apply,3b) Funds from UN entity,,UNRWA United Nations Relief and Works Agency for Palestine Refugees in the Near,UNOPSPartner,0,NOW(),0,FALSE,0
1652,Web Buy Pay in Advance,Active,Allowed,,,,,,,,Web Buy Pay in Advance,No,No,No,,FALSE,FALSE,Does not apply,3b) Funds from UN entity,,UNOPS United Nations Office for Project Services,UNOPSPartner,0,NOW(),0,FALSE,0
1461,UNOPS Trust Fund Management,Active,Not allowed,,,,,,,,UNOPS Trust Fund Management,No,No,No,,FALSE,FALSE,Does not apply,3b) Funds from UN entity,,UNOPS United Nations Office for Project Services,UNOPSPartner,0,NOW(),0,FALSE,0
1186,UNCTAD United Nations Conference on Trade and Development,Active,Allowed,,,,,,,,UNCTAD,No,No,No,,FALSE,FALSE,Does not apply,3b) Funds from UN entity,,UNCTAD United Nations Conference on Trade and Development,UNOPSPartner,0,NOW(),0,FALSE,0
1222,UN WOMEN United Nations Entity for Gender Equality and the Empowerment of Women,Active,Allowed,,,,,,,,UN WOMEN,No,No,No,,FALSE,FALSE,Does not apply,3b) Funds from UN entity,,UN WOMEN United Nations Entity for Gender Equality and the Empowerment of Women,UNOPSPartner,0,NOW(),0,FALSE,0
1182,ITC International Trade Centre,Active,Allowed,,,,,,,,ITC,No,No,No,,FALSE,FALSE,Does not apply,3b) Funds from UN entity,,ITC International Trade Centre,UNOPSPartner,0,NOW(),0,FALSE,0
1629,UNIFEM United Nations Development Fund for Women,Active,Not allowed,,,,,,,,UNIFEM,No,No,No,,FALSE,FALSE,Does not apply,3b) Funds from UN entity,,UNIFEM United Nations Development Fund for Women,UNOPSPartner,0,NOW(),0,FALSE,0
9009,Treasury and Investment,Active,Allowed,,,,,,,,Treasury and Investment,No,No,No,,FALSE,FALSE,Does not apply,3b) Funds from UN entity,,UNOPS United Nations Office for Project Services,UNOPSPartner,0,NOW(),0,FALSE,0
9999,UNOPS Special Projects,Active,Allowed,,,,,,,,UNOPS Special Projects,No,No,No,,FALSE,FALSE,Does not apply,3b) Funds from UN entity,,UNOPS United Nations Office for Project Services,UNOPSPartner,0,NOW(),0,FALSE,0
1230,UN ECLAC Economic Commission for Latin America and the Caribbean,Active,Allowed,,,,,,,,UN ECLAC,No,No,No,,FALSE,FALSE,Does not apply,3b) Funds from UN entity,,UN ECLAC Economic Commission for Latin America and the Caribbean,UNOPSPartner,0,NOW(),0,FALSE,0
1235,UN ECE Economic Commission for Europe,Active,Allowed,,,,,,,,UN ECE,No,No,No,,FALSE,FALSE,Does not apply,3b) Funds from UN entity,,UN ECE Economic Commission for Europe,UNOPSPartner,0,NOW(),0,FALSE,0
1228,UN ESCWA Economic and Social Commission for Western Asia,Active,Allowed,,,,,,,,UN ESCWA,No,No,No,,FALSE,FALSE,Does not apply,3b) Funds from UN entity,,UN ESCWA Economic and Social Commission for Western Asia,UNOPSPartner,0,NOW(),0,FALSE,0
1229,UN ECA Economic Commission for Africa,Active,Allowed,,,,,,,,UN ECA,No,No,No,,FALSE,FALSE,Does not apply,3b) Funds from UN entity,,UN ECA Economic Commission for Africa,UNOPSPartner,0,NOW(),0,FALSE,0
1227,UN ESCAP Economic and Social Commission for Asia and the Pacific,Active,Allowed,,,,,,,,UN ESCAP,No,No,No,,FALSE,FALSE,Does not apply,3b) Funds from UN entity,,UN ESCAP Economic and Social Commission for Asia and the Pacific,UNOPSPartner,0,NOW(),0,FALSE,0
1542,UNOIP United Nations Office of the Iraq Programme,Active,Not allowed,,,,,,,,UNOIP,No,No,No,,FALSE,FALSE,Does not apply,3b) Funds from UN entity,,UNOIP United Nations Office of the Iraq Programme,UNOPSPartner,0,NOW(),0,FALSE,0
1238,UNSCN United Nations System Standing Committee on Nutrition,Active,Allowed,,,,,,,,UNSCN,No,No,No,,FALSE,FALSE,Does not apply,3b) Funds from UN entity,,UNSCN United Nations System Standing Committee on Nutrition,UNOPSPartner,0,NOW(),0,FALSE,0
1685,MINUJUSTH United Nations Mission for Justice Support in Haiti,Active,Allowed,,,,,,,,MINUJUSTH,No,No,No,,FALSE,FALSE,Does not apply,3b) Funds from UN entity,,MINUJUSTH United Nations Mission for Justice Support in Haiti,UNOPSPartner,0,NOW(),0,FALSE,0
1590,UNMIK United Nations Interim Administration Mission in Kosovo,Active,Allowed,,,,,,,,UNMIK,No,No,No,,FALSE,FALSE,Does not apply,3b) Funds from UN entity,,UNMIK United Nations Interim Administration Mission in Kosovo,UNOPSPartner,0,NOW(),0,FALSE,0
1171,UNISFA United Nations Interim Security Force in Abyei,Active,Allowed,,,,,,,,UNISFA,No,No,No,,FALSE,FALSE,Does not apply,3b) Funds from UN entity,,UNISFA United Nations Interim Security Force in Abyei,UNOPSPartner,0,NOW(),0,FALSE,0
1162,UNAKRT United Nations Assistance to the Khmer Rouge Trials,Active,Allowed,,,,,,,,UNAKRT,No,No,No,,FALSE,FALSE,Does not apply,3b) Funds from UN entity,,UNAKRT United Nations Assistance to the Khmer Rouge Trials,UNOPSPartner,0,NOW(),0,FALSE,0
1637,UNSOS United Nations Support Office in Somalia,Active,Allowed,,,,,,,,UNSOS,No,No,No,,FALSE,FALSE,Does not apply,3b) Funds from UN entity,,UNSOS United Nations Support Office in Somalia,UNOPSPartner,0,NOW(),0,FALSE,0
1062,MINUSCA United Nations Multidimensional Integrated Stabilization Mission in the Central African Republic,Active,Allowed,,,,,,,,MINUSCA,No,No,No,,FALSE,FALSE,Does not apply,3b) Funds from UN entity,,MINUSCA United Nations Multidimensional Integrated Stabilization Mission in the,UNOPSPartner,0,NOW(),0,FALSE,0
1061,MINURSO United Nations Mission for the Referendum in Western Sahara,Active,Allowed,,,,,,,,MINURSO,No,No,No,,FALSE,FALSE,Does not apply,3b) Funds from UN entity,,MINURSO United Nations Mission for the Referendum in Western Sahara,UNOPSPartner,0,NOW(),0,FALSE,0
1170,UNIPSIL United Nations Integrated Peacebuilding Office in Sierra Leone,Active,Not allowed,,,,,,,,UNIPSIL,No,No,No,,FALSE,FALSE,Does not apply,3b) Funds from UN entity,,UNIPSIL United Nations Integrated Peacebuilding Office in Sierra Leone,UNOPSPartner,0,NOW(),0,FALSE,0
1543,UNROD United Nations Register of Damage,Active,Allowed,,,,,,,,UNROD,No,No,No,,FALSE,FALSE,Does not apply,3b) Funds from UN entity,,UNROD United Nations Register of Damage,UNOPSPartner,0,NOW(),0,FALSE,0
1633,UNSCEAR United Nations Scientific Committee on the Effects of Atomic Radiation,Active,Allowed,,,,,,,,UNSCEAR,No,No,No,,FALSE,FALSE,Does not apply,3b) Funds from UN entity,,UNSCEAR United Nations Scientific Committee on the Effects of Atomic Radiation,UNOPSPartner,0,NOW(),0,FALSE,0
1164,UNAMI United Nations Assistance Mission for Iraq,Active,Allowed,,,,,,,,UNAMI,No,No,No,,FALSE,FALSE,Does not apply,3b) Funds from UN entity,,UNAMI United Nations Assistance Mission for Iraq,UNOPSPartner,0,NOW(),0,FALSE,0
1175,UNMIL United Nations Mission in Liberia,Active,Allowed,,,,,,,,UNMIL,No,No,No,,FALSE,FALSE,Does not apply,3b) Funds from UN entity,,UNMIL United Nations Mission in Liberia,UNOPSPartner,0,NOW(),0,FALSE,0
1066,MONUSCO United Nations Organization Stabilization Mission in the Democratic Republic of the Congo,Active,Allowed,,,,,,,,MONUSCO,No,No,No,,FALSE,FALSE,Does not apply,3b) Funds from UN entity,,MONUSCO United Nations Organization Stabilization Mission in the Democratic Repu,UNOPSPartner,0,NOW(),0,FALSE,0
1058,MENUB United Nations Electoral Observation Mission in Burundi,Active,Not allowed,,,,,,,,MENUB,No,No,No,,FALSE,FALSE,Does not apply,3b) Funds from UN entity,,MENUB United Nations Electoral Observation Mission in Burundi,UNOPSPartner,0,NOW(),0,FALSE,0
1769,UNOCT United Nations Office of Counter-Terrorism,Active,Allowed,,,,,,,,UNOCT,No,No,No,,FALSE,FALSE,Does not apply,3b) Funds from UN entity,,UNOCT United Nations Office of Counter-Terrorism,UNOPSPartner,0,NOW(),0,FALSE,0
1639,UNTSO United Nations Truce Supervision,Active,Allowed,,,,,,,,UNTSO,No,No,No,,FALSE,FALSE,Does not apply,3b) Funds from UN entity,,UNTSO United Nations Truce Supervision,UNOPSPartner,0,NOW(),0,FALSE,0
1630,UNORCID United Nations Office for REDD+ Coordination in Indonesia,Active,Allowed,,,,,,,,UNORCID,No,No,No,,FALSE,FALSE,Does not apply,3b) Funds from UN entity,,UNORCID United Nations Office for REDD+ Coordination in Indonesia,UNOPSPartner,0,NOW(),0,FALSE,0
1169,UNIFIL United Nations Interim Force in Lebanon,Active,Allowed,,,,,,,,UNIFIL,No,No,No,,FALSE,FALSE,Does not apply,3b) Funds from UN entity,,UNIFIL United Nations Interim Force in Lebanon,UNOPSPartner,0,NOW(),0,FALSE,0
1236,UNIOGBIS United Nations Integrated Peacebuilding Office in Guinea-Bissau,Active,Allowed,,,,,,,,UNIOGBIS,No,No,No,,FALSE,FALSE,Does not apply,3b) Funds from UN entity,,UNIOGBIS United Nations Integrated Peacebuilding Office in Guinea-Bissau,UNOPSPartner,0,NOW(),0,FALSE,0
1176,UNMISS United Nations Mission in the Republic of South Sudan,Active,Allowed,,,,,,,,UNMISS,No,No,No,,FALSE,FALSE,Does not apply,3b) Funds from UN entity,,UNMISS United Nations Mission in the Republic of South Sudan,UNOPSPartner,0,NOW(),0,FALSE,0
1163,UNAMA United Nations Assistance Mission in Afghanistan,Active,Allowed,,,,,,,,UNAMA,No,No,No,,FALSE,FALSE,Does not apply,3b) Funds from UN entity,,UNAMA United Nations Assistance Mission in Afghanistan,UNOPSPartner,0,NOW(),0,FALSE,0
1063,MINUSMA United Nations Multidimensional Integrated Stabilization Mission in Mali,Active,Allowed,,,,,,,,MINUSMA,No,No,No,,FALSE,FALSE,Does not apply,3b) Funds from UN entity,,MINUSMA United Nations Multidimensional Integrated Stabilization Mission in Mali,UNOPSPartner,0,NOW(),0,FALSE,0
1009,BINUCA United Nations Integrated Peacebuilding Office in the Central African Republic,Active,Not allowed,,,,,,,,BINUCA,No,No,No,,FALSE,FALSE,Does not apply,3b) Funds from UN entity,,BINUCA United Nations Integrated Peacebuilding Office in the Central African Rep,UNOPSPartner,0,NOW(),0,FALSE,0
1638,UNSOM United Nations Assistance Mission in Somalia,Active,Allowed,,,,,,,,UNSOM,No,No,No,,FALSE,FALSE,Does not apply,3b) Funds from UN entity,,UNSOM United Nations Assistance Mission in Somalia,UNOPSPartner,0,NOW(),0,FALSE,0
1636,UNSMIL United Nations Support Mission in Libya,Active,Allowed,,,,,,,,UNSMIL,No,No,No,,FALSE,FALSE,Does not apply,3b) Funds from UN entity,,UNSMIL United Nations Support Mission in Libya,UNOPSPartner,0,NOW(),0,FALSE,0
1178,UNMOGIP United Nations Military Observer Group in India and Pakistan,Active,Allowed,,,,,,,,UNMOGIP,No,No,No,,FALSE,FALSE,Does not apply,3b) Funds from UN entity,,UNMOGIP United Nations Military Observer Group in India and Pakistan,UNOPSPartner,0,NOW(),0,FALSE,0
1181,UNOCI United Nations Operation in Côte d'Ivoire,Active,Allowed,,,,,,,,UNOCI,No,No,No,,FALSE,FALSE,Does not apply,3b) Funds from UN entity,,UNOCI United Nations Operation in Côte d'Ivoire,UNOPSPartner,0,NOW(),0,FALSE,0
1064,MINUSTAH United Nations Stabilization Mission in Haiti,Active,Not allowed,,,,,,,,MINUSTAH,No,No,No,,FALSE,FALSE,Does not apply,3b) Funds from UN entity,,MINUSTAH United Nations Stabilization Mission in Haiti,UNOPSPartner,0,NOW(),0,FALSE,0
1593,UNOCI United Nations Operation in Cote d'Ivoire,Active,Not allowed,,,,,,,,UNOCI,No,No,No,,FALSE,FALSE,Does not apply,3b) Funds from UN entity,,UNOCI United Nations Operation in Cote d'Ivoire,UNOPSPartner,0,NOW(),0,FALSE,0
1177,UNMIT United Nations Integrated Mission in Timor-Leste,Active,Not allowed,,,,,,,,UNMIT,No,No,No,,FALSE,FALSE,Does not apply,3b) Funds from UN entity,,UNMIT United Nations Integrated Mission in Timor-Leste,UNOPSPartner,0,NOW(),0,FALSE,0
1167,UNFICYP United Nations Peacekeeping Force in Cyprus,Active,Allowed,,,,,,,,UNFICYP,No,No,No,,FALSE,FALSE,Does not apply,3b) Funds from UN entity,,UNFICYP United Nations Peacekeeping Force in Cyprus,UNOPSPartner,0,NOW(),0,FALSE,0
1567,UNMIS United Nations Mission in Sudan,Active,Allowed,,,,,,,,UNMIS,No,No,No,,FALSE,FALSE,Does not apply,3b) Funds from UN entity,,UNMIS United Nations Mission in Sudan,UNOPSPartner,0,NOW(),0,FALSE,0
1732,Pulse Lab Jakarta,Active,Allowed,,,,,,,,Pulse Lab Jakarta,No,No,No,,FALSE,FALSE,Does not apply,3b) Funds from UN entity,,UN EOSG Executive Office of the Secretary-General,UNOPSPartner,0,NOW(),0,FALSE,0
1608,UN United Nations,Active,Not allowed,,,,,,,,United Nations,No,No,No,,FALSE,FALSE,Does not apply,3b) Funds from UN entity,,UN United Nations,UNOPSPartner,0,NOW(),0,FALSE,0
1208,UN OHCHR Office of the United Nations High Commissioner for Human Rights,Active,Allowed,,,,,,,,UN OHCHR,No,No,No,,FALSE,FALSE,Does not apply,3b) Funds from UN entity,,UN OHCHR Office of the United Nations High Commissioner for Human Rights,UNOPSPartner,0,NOW(),0,FALSE,0
1218,UN DPO Department of Peace Operations,Active,Allowed,,,,,,,,UN DPO,No,No,No,,FALSE,FALSE,Does not apply,3b) Funds from UN entity,,UN DPO Department of Peace Operations,UNOPSPartner,0,NOW(),0,FALSE,0
1209,OIOS Office of Internal Oversight Services,Active,Allowed,,,,,,,,OIOS,No,No,No,,FALSE,FALSE,Does not apply,3b) Funds from UN entity,,OIOS Office of Internal Oversight Services,UNOPSPartner,0,NOW(),0,FALSE,0
1726,UNAOC United Nations Alliance of Civilizations,Active,Allowed,,,,,,,,UNAOC,No,No,No,,FALSE,FALSE,Does not apply,3b) Funds from UN entity,,UN EOSG Executive Office of the Secretary-General,UNOPSPartner,0,NOW(),0,FALSE,0
1725,UN DCO United Nations Development Coordination Office,Active,Allowed,,,,,,,,UN DCO,No,No,No,,FALSE,FALSE,Does not apply,3b) Funds from UN entity,,UN DCO United Nations Development Coordination Office,UNOPSPartner,0,NOW(),0,FALSE,0
1075,UN DPPA Department of Political Affairs and Peacebuilding,Active,Not allowed,,,,,,,,UN DPPA,No,No,No,,FALSE,FALSE,Does not apply,3b) Funds from UN entity,,UN DPPA Department of Political and Peacebuilding Affairs,UNOPSPartner,0,NOW(),0,FALSE,0
1203,"UN DMSPC Department of Management Strategy, Policy and Compliance",Active,Allowed,,,,,,,,UN DMSPC,No,No,No,,FALSE,FALSE,Does not apply,3b) Funds from UN entity,,"UN DMSPC Department of Management Strategy, Policy and Compliance",UNOPSPartner,0,NOW(),0,FALSE,0
1194,UNODC United Nations Office on Drugs and Crime,Active,Allowed,,,,,,,,UNODC,No,No,No,,FALSE,FALSE,Does not apply,3b) Funds from UN entity,,UNODC United Nations Office on Drugs and Crime,UNOPSPartner,0,NOW(),0,FALSE,0
1211,OSAA Office of the Special Adviser on Africa,Active,Allowed,,,,,,,,OSAA,No,No,No,,FALSE,FALSE,Does not apply,3b) Funds from UN entity,,OSAA Office of the Special Adviser on Africa,UNOPSPartner,0,NOW(),0,FALSE,0
1216,UNON United Nations Office at Nairobi,Active,Allowed,,,,,,,,UNON,No,No,No,,FALSE,FALSE,Does not apply,3b) Funds from UN entity,,UNON United Nations Office at Nairobi,UNOPSPartner,0,NOW(),0,FALSE,0
1200,UN DESA Department of Economic and Social Affairs,Active,Allowed,,,,,,,,UN DESA,No,No,No,,FALSE,FALSE,Does not apply,3b) Funds from UN entity,,UN DESA Department of Economic and Social Affairs,UNOPSPartner,0,NOW(),0,FALSE,0
1708,United Nations Global Compact,Active,Allowed,,,,,,,,UN Global Compact,No,No,No,,FALSE,FALSE,Does not apply,3b) Funds from UN entity,,UN EOSG Executive Office of the Secretary-General,UNOPSPartner,0,NOW(),0,FALSE,0
1733,United Nations Global Pulse,Active,Allowed,,,,,,,,UN Global Pulse,No,No,No,,FALSE,FALSE,Does not apply,3b) Funds from UN entity,,UN EOSG Executive Office of the Secretary-General,UNOPSPartner,0,NOW(),0,FALSE,0
1706,UNGSC United Nations Global Service Centre,Active,Allowed,,,,,,,,UNGSC,No,No,No,,FALSE,FALSE,Does not apply,3b) Funds from UN entity,,UN DOS Department of Operational Support,UNOPSPartner,0,NOW(),0,FALSE,0
1631,UNOWA United Nations Office for West Africa,Active,Not allowed,,,,,,,,UNOWA,No,No,No,,FALSE,FALSE,Does not apply,3b) Funds from UN entity,,UNOWA United Nations Office for West Africa,UNOPSPartner,0,NOW(),0,FALSE,0
1201,UN DOS Department of Operational Support,Active,Allowed,,,,,,,,UN DOS,No,No,No,,FALSE,FALSE,Does not apply,3b) Funds from UN entity,,UN DOS Department of Operational Support,UNOPSPartner,0,NOW(),0,FALSE,0
1210,UN OLA Office of Legal Affairs,Active,Allowed,,,,,,,,UN OLA,No,No,No,,FALSE,FALSE,Does not apply,3b) Funds from UN entity,,UN OLA Office of Legal Affairs,UNOPSPartner,0,NOW(),0,FALSE,0
1207,UN OCHA Office for the Coordination of Humanitarian Affairs,Active,Allowed,,,,,,,,UN OCHA,No,No,No,,FALSE,FALSE,Does not apply,3b) Funds from UN entity,,UN OCHA Office for the Coordination of Humanitarian Affairs,UNOPSPartner,0,NOW(),0,FALSE,0
1634,UNSCO Office of the United Nations Special Coordinator for the Middle East,Active,Allowed,,,,,,,,UNSCO,No,No,No,,FALSE,FALSE,Does not apply,3b) Funds from UN entity,,UN DPPA Department of Political and Peacebuilding Affairs,UNOPSPartner,0,NOW(),0,FALSE,0
1219,UNMAS United Nations Mine Action Service,Active,Allowed,,,,,,,,UNMAS,Yes,No,No,,FALSE,FALSE,Does not apply,4) Pooled Fund,,UN DPO Department of Peace Operations,UNOPSPartner,0,NOW(),0,FALSE,0
1215,"UN-OHRLLS Office of the High Representative for the Least Developed Countries, Landlocked Developing Countries and Small Island Developing States",Active,Allowed,,,,,,,,UN-OHRLLS,No,No,No,,FALSE,FALSE,Does not apply,3b) Funds from UN entity,,"UN-OHRLLS Office of the High Representative for the Least Developed Countries, L",UNOPSPartner,0,NOW(),0,FALSE,0
1205,UN DGC Department of Global Communications,Active,Allowed,,,,,,,,UN DGC,No,No,No,,FALSE,FALSE,Does not apply,3b) Funds from UN entity,,UN DGC Department of Global Communications,UNOPSPartner,0,NOW(),0,FALSE,0
1217,UNOV United Nations Office at Vienna,Active,Allowed,,,,,,,,UNOV,No,No,No,,FALSE,FALSE,Does not apply,3b) Funds from UN entity,,UNOV United Nations Office at Vienna,UNOPSPartner,0,NOW(),0,FALSE,0
1199,UN EOSG Executive Office of the Secretary-General,Active,Allowed,,,,,,,,UN EOSG,No,No,No,,FALSE,FALSE,Does not apply,3b) Funds from UN entity,,UN EOSG Executive Office of the Secretary-General,UNOPSPartner,0,NOW(),0,FALSE,0
1223,UNDRR United Nations Office for Disaster Risk Reduction,Active,Allowed,,,,,,,,UNDRR,No,No,No,,FALSE,FALSE,Does not apply,3b) Funds from UN entity,,UNDRR United Nations Office for Disaster Risk Reduction,UNOPSPartner,0,NOW(),0,FALSE,0
1213,UNODA Office for Disarmament Affairs,Active,Allowed,,,,,,,,UNODA,No,No,No,,FALSE,FALSE,Does not apply,3b) Funds from UN entity,,UNODA Office for Disarmament Affairs,UNOPSPartner,0,NOW(),0,FALSE,0
1206,UNDSS Department of Safety and Security,Active,Allowed,,,,,,,,UNDSS,No,No,No,,FALSE,FALSE,Does not apply,3b) Funds from UN entity,,UNDSS Department of Safety and Security,UNOPSPartner,0,NOW(),0,FALSE,0
1202,UN DGACM Department for General Assembly and Conference Management,Active,Allowed,,,,,,,,UN DGACM,No,No,No,,FALSE,FALSE,Does not apply,3b) Funds from UN entity,,UN DGACM Department for General Assembly and Conference Management,UNOPSPartner,0,NOW(),0,FALSE,0
1180,UNOCA United Nations Regional Office for Central Africa,Active,Allowed,,,,,,,,UNOCA,No,No,No,,FALSE,FALSE,Does not apply,3b) Funds from UN entity,,UNOCA United Nations Regional Office for Central Africa,UNOPSPartner,0,NOW(),0,FALSE,0
1214,UNOG United Nations Office at Geneva,Active,Allowed,,,,,,,,UNOG,No,No,No,,FALSE,FALSE,Does not apply,3b) Funds from UN entity,,UNOG United Nations Office at Geneva,UNOPSPartner,0,NOW(),0,FALSE,0
1632,UNRCCA United Nations Regional Centre for Preventive Diplomacy for Central Asia,Active,Allowed,,,,,,,,UNRCCA,No,No,No,,FALSE,FALSE,Does not apply,3b) Funds from UN entity,,UN DPPA Department of Political and Peacebuilding Affairs,UNOPSPartner,0,NOW(),0,FALSE,0
1204,UN DPPA Department of Political Affairs and Peacebuilding,Active,Allowed,,,,,,,,UN DPPA,No,No,No,,FALSE,FALSE,Does not apply,3b) Funds from UN entity,,UN DPPA Department of Political and Peacebuilding Affairs,UNOPSPartner,0,NOW(),0,FALSE,0
1212,SRSG CAAC Office of the Special Representative of the Secretary-General for Children and Armed Conflict,Active,Allowed,,,,,,,,SRSG CAAC,No,No,No,,FALSE,FALSE,Does not apply,3b) Funds from UN entity,,SRSG CAAC Office of the Special Representative of the Secretary-General for Chil,UNOPSPartner,0,NOW(),0,FALSE,0
1179,UNOAU United Nations Office to the African Union,Active,Allowed,,,,,,,,UNOAU,No,No,No,,FALSE,FALSE,Does not apply,3b) Funds from UN entity,,UNOAU United Nations Office to the African Union,UNOPSPartner,0,NOW(),0,FALSE,0
1635,UNSCOL Office of the United Nations Special Coordinator for Lebanon,Active,Allowed,,,,,,,,UNSCOL,No,No,No,,FALSE,FALSE,Does not apply,3b) Funds from UN entity,,UN DPPA Department of Political and Peacebuilding Affairs,UNOPSPartner,0,NOW(),0,FALSE,0
1537,UNRISD United Nations Research Institute for Social Development,Active,Allowed,,,,,,,,UNRISD,No,No,No,,FALSE,FALSE,Does not apply,3b) Funds from UN entity,,UNRISD United Nations Research Institute for Social Development,UNOPSPartner,0,NOW(),0,FALSE,0
1534,UNIDIR United Nations Institute for Disarmament Research,Active,Allowed,,,,,,,,UNIDIR,No,No,No,,FALSE,FALSE,Does not apply,3b) Funds from UN entity,,UNIDIR United Nations Institute for Disarmament Research,UNOPSPartner,0,NOW(),0,FALSE,0
1224,UNSSC United Nations System Staff College,Active,Allowed,,,,,,,,UNSSC,No,No,No,,FALSE,FALSE,Does not apply,3b) Funds from UN entity,,UNSSC United Nations System Staff College,UNOPSPartner,0,NOW(),0,FALSE,0
1535,UNITAR United Nations Institute for Training and Research,Active,Allowed,,,,,,,,UNITAR,No,No,No,,FALSE,FALSE,Does not apply,3b) Funds from UN entity,,UNITAR United Nations Institute for Training and Research,UNOPSPartner,0,NOW(),0,FALSE,0
1225,UNU United Nations University,Active,Allowed,,,,,,,,UNU,No,No,No,,FALSE,FALSE,Does not apply,3b) Funds from UN entity,,UNU United Nations University,UNOPSPartner,0,NOW(),0,FALSE,0
1536,UNICRI United Nations Interregional Crime and Justice Research Institute,Active,Allowed,,,,,,,,UNICRI,No,No,No,,FALSE,FALSE,Does not apply,3b) Funds from UN entity,,UNICRI United Nations Interregional Crime and Justice Research Institute,UNOPSPartner,0,NOW(),0,FALSE,0
1254,UNCCD United Nations Convention to Combat Desertification,Active,Allowed,,,,,,,,UNCCD,No,No,No,,FALSE,FALSE,Does not apply,3b) Funds from UN entity,,UNCCD United Nations Convention to Combat Desertification,UNOPSPartner,0,NOW(),0,FALSE,0
1257,UNFCCC United Nations Framework Convention on Climate Change,Active,Allowed,,,,,,,,UNFCCC,No,No,No,,FALSE,FALSE,Does not apply,3b) Funds from UN entity,,UNFCCC United Nations Framework Convention on Climate Change,UNOPSPartner,0,NOW(),0,FALSE,0
1243,CRPD Convention on the Rights of Persons with Disabilities,Active,Allowed,,,,,,,,CRPD,No,No,No,,FALSE,FALSE,Does not apply,3b) Funds from UN entity,,CRPD Convention on the Rights of Persons with Disabilities,UNOPSPartner,0,NOW(),0,FALSE,0
1259,UNIDO United Nations Industrial Development Organization,Active,Allowed,,,,,,,,UNIDO,No,No,No,,FALSE,FALSE,Does not apply,3b) Funds from UN entity,,UNIDO United Nations Industrial Development Organization,UNOPSPartner,0,NOW(),0,FALSE,0
1256,"UNESCO United Nations Educational, Scientific and Cultural Organization",Active,Allowed,,,,,,,,UNESCO,No,No,No,,FALSE,FALSE,Does not apply,3b) Funds from UN entity,,"UNESCO United Nations Educational, Scientific and Cultural Organization",UNOPSPartner,0,NOW(),0,FALSE,0
1260,UPU Universal Postal Union,Active,Allowed,,,,,,,,UPU,No,No,No,,FALSE,FALSE,Does not apply,3b) Funds from UN entity,,UPU Universal Postal Union,UNOPSPartner,0,NOW(),0,FALSE,0
1246,ICAO International Civil Aviation Organization,Active,Allowed,,,,,,,,ICAO,No,No,No,,FALSE,FALSE,Does not apply,3b) Funds from UN entity,,ICAO International Civil Aviation Organization,UNOPSPartner,0,NOW(),0,FALSE,0
1262,WIPO World Intellectual Property Organization,Active,Allowed,,,,,,,,WIPO,No,No,No,,FALSE,FALSE,Does not apply,3b) Funds from UN entity,,WIPO World Intellectual Property Organization,UNOPSPartner,0,NOW(),0,FALSE,0
1247,IFAD International Fund for Agricultural Development,Active,Allowed,,,,,,,,IFAD,No,No,No,,FALSE,FALSE,Does not apply,3b) Funds from UN entity,,IFAD International Fund for Agricultural Development,UNOPSPartner,0,NOW(),0,FALSE,0
1244,FAO Food and Agriculture Organization of the United Nations,Active,Allowed,,,,,,,,FAO,No,No,No,,FALSE,FALSE,Does not apply,3b) Funds from UN entity,,FAO Food and Agriculture Organization of the United Nations,UNOPSPartner,0,NOW(),0,FALSE,0
1249,IMO International Maritime Organization,Active,Allowed,,,,,,,,IMO,No,No,No,,FALSE,FALSE,Does not apply,3b) Funds from UN entity,,IMO International Maritime Organization,UNOPSPartner,0,NOW(),0,FALSE,0
1264,UNWTO World Tourism Organization,Active,Allowed,,,,,,,,UNWTO,No,No,No,,FALSE,FALSE,Does not apply,3b) Funds from UN entity,,UNWTO World Tourism Organization,UNOPSPartner,0,NOW(),0,FALSE,0
1232,PAHO Pan American Health Organization,Active,Allowed,,,,,,,,PAHO,No,No,No,,FALSE,FALSE,Does not apply,3b) Funds from UN entity,,WHO / PAHO World Health Organization incl. PAHO,UNOPSPartner,0,NOW(),0,FALSE,0
1248,ILO International Labour Organization,Active,Allowed,,,,,,,,ILO,No,No,No,,FALSE,FALSE,Does not apply,3b) Funds from UN entity,,ILO International Labour Organization,UNOPSPartner,0,NOW(),0,FALSE,0
1251,ITU International Telecommunication Union,Active,Allowed,,,,,,,,ITU,No,No,No,,FALSE,FALSE,Does not apply,3b) Funds from UN entity,,ITU International Telecommunication Union,UNOPSPartner,0,NOW(),0,FALSE,0
1263,WMO World Meteorological Organization,Active,Allowed,,,,,,,,WMO,No,No,No,,FALSE,FALSE,Does not apply,3b) Funds from UN entity,,WMO World Meteorological Organization,UNOPSPartner,0,NOW(),0,FALSE,0
1261,WHO World Health Organization,Active,Allowed,,,,,,,,WHO,No,No,No,,FALSE,FALSE,Does not apply,3b) Funds from UN entity,,WHO / PAHO World Health Organization incl. PAHO,UNOPSPartner,0,NOW(),0,FALSE,0
1682,CPI Community Partners International,Active,Allowed,,,,,,,,CPI,No,Yes,No,,FALSE,FALSE,Potentially applies,,Please consult funding source,CPI Community Partners International,UNOPSPartner,0,NOW(),0,FALSE,0
1582,INS-NGO (International),Active,Not allowed,,,,,,,,INS-NGO,No,Yes,No,,FALSE,FALSE,Potentially applies,,Please consult funding source,INS-NGO (International),UNOPSPartner,0,NOW(),0,FALSE,0
1007,Assist International,Active,Allowed,,,,,,,,ASSIST,No,Yes,No,,FALSE,FALSE,Potentially applies,,Please consult funding source,Assist International,UNOPSPartner,0,NOW(),0,FALSE,0
1021,CORDAID Catholic Organisation for Relief and Development Aid,Active,Not allowed,,,,,,,,CORDAID,No,Yes,No,,FALSE,FALSE,Potentially applies,,Please consult funding source,CORDAID Catholic Organisation for Relief and Development Aid,UNOPSPartner,0,NOW(),0,FALSE,0
1035,FHI 360,Active,Not allowed,,,,,,,,FHI 360,No,Yes,No,,FALSE,FALSE,Potentially applies,,Please consult funding source,FHI 360,UNOPSPartner,0,NOW(),0,FALSE,0
1776,African Society for Laboratory Medicine,Active,Allowed,,,,,,,,ASLM,No,Yes,Yes,,FALSE,FALSE,Potentially applies,,Please consult funding source,African Society for Laboratory Medicine,UNOPSPartner,0,NOW(),0,FALSE,0
1791,Alter Vida,Active,Allowed,,,,,,,,Alter Vida,No,Yes,Yes,,FALSE,FALSE,Potentially applies,,Please consult funding source,Alter Vida,UNOPSPartner,0,NOW(),0,FALSE,0
1072,OSISA Open Society Initiative for Southern Africa,Active,Allowed,,,,,,,,OSISA,No,Yes,No,,FALSE,FALSE,Potentially applies,,Please consult funding source,OSISA Open Society Initiative for Southern Africa,UNOPSPartner,0,NOW(),0,FALSE,0
1713,Malaria No More,Active,Allowed,,,,,,,,Malaria No More,No,Yes,No,,FALSE,FALSE,Potentially applies,,Please consult funding source,Malaria No More,UNOPSPartner,0,NOW(),0,FALSE,0
1700,Digital Good,Active,Allowed,,,,,,,,Digital Good,No,Yes,No,,FALSE,FALSE,Potentially applies,,Please consult funding source,Digital Good,UNOPSPartner,0,NOW(),0,FALSE,0
1809,Windward Fund,Active,Allowed,,,,,,,,Windward Fund,No,Yes,Yes,,FALSE,FALSE,Potentially applies,,Please consult funding source,Windward Fund,UNOPSPartner,0,NOW(),0,FALSE,0
1033,Sheikh Eid Bin Mohammed Al Thani Charity Foundation,Active,Allowed,,,,,,,,Eid Charity,No,Yes,No,,FALSE,FALSE,Potentially applies,,Please consult funding source,Sheikh Eid Bin Mohammed Al Thani Charity Foundation,UNOPSPartner,0,NOW(),0,FALSE,0
1697,Romanian Angel Appeal,Active,Allowed,,,,,,,,Romanian Angel Appeal,No,Yes,No,,FALSE,FALSE,Potentially applies,,Please consult funding source,Romanian Angel Appeal,UNOPSPartner,0,NOW(),0,FALSE,0
1644,WALIC West Africa Livestock Innovation Centre,Active,Allowed,,,,,,,,WALIC,No,Yes,No,,FALSE,FALSE,Potentially applies,,Please consult funding source,WALIC West Africa Livestock Innovation Centre,UNOPSPartner,0,NOW(),0,FALSE,0
1173,Association for a UN Live Museum,Active,Allowed,,,,,,,,UN Live Museum,No,Yes,No,,FALSE,FALSE,Potentially applies,,Please consult funding source,Association for a UN Live Museum,UNOPSPartner,0,NOW(),0,FALSE,0
1800,CAMEG Centrale d'achat des médicaments essentiels génériques et des consommables médicaux,Active,Allowed,,,,,,,,CAMEG,No,Yes,Yes,,FALSE,FALSE,Potentially applies,,Please consult funding source,CAMEG Centrale d'achat des médicaments essentiels génériques et des consommables,UNOPSPartner,0,NOW(),0,FALSE,0
1055,KARCPP King Abdullah Relief Campaign for the Pakistani People,Active,Allowed,,,,,,,,KARCPP,No,Yes,No,,FALSE,FALSE,Potentially applies,,Please consult funding source,KARCPP King Abdullah Relief Campaign for the Pakistani People,UNOPSPartner,0,NOW(),0,FALSE,0
1766,GCA Global Centre on Adaptation,Active,Allowed,,,,,,,,GCA,No,Yes,Yes,,FALSE,FALSE,Potentially applies,,Please consult funding source,GCA Global Centre on Adaptation,UNOPSPartner,0,NOW(),0,FALSE,0
1573,INT-NGO International Non-Governmental Organization,Active,Not allowed,,,,,,,,INT-NGO,No,Yes,No,,FALSE,FALSE,Potentially applies,,Please consult funding source,INT-NGO International Non-Governmental Organization,UNOPSPartner,0,NOW(),0,FALSE,0
1587,UNA USA United Nations Association of the USA,Active,Allowed,,,,,,,,UNA-USA,No,Yes,No,,FALSE,FALSE,Potentially applies,,Please consult funding source,UNA USA United Nations Association of the USA,UNOPSPartner,0,NOW(),0,FALSE,0
1796,"JSI Research and Training Institute, Inc.",Active,Allowed,,,,,,,,JSI Institute,No,Yes,Yes,,FALSE,FALSE,Potentially applies,,Please consult funding source,"JSI Research and Training Institute, Inc.",UNOPSPartner,0,NOW(),0,FALSE,0
1659,Comic Relief,Active,Allowed,,,,,,,,Comic Relief,No,Yes,No,,FALSE,FALSE,Potentially applies,,Please consult funding source,Comic Relief,UNOPSPartner,0,NOW(),0,FALSE,0
1658,MFM Menschen für Menschen,Active,Not allowed,,,,,,,,MFM,No,Yes,No,,FALSE,FALSE,Potentially applies,,Please consult funding source,MFM Menschen für Menschen,UNOPSPartner,0,NOW(),0,FALSE,0
1740,PATH,Active,Allowed,,,,,,,,PATH,No,Yes,Yes,,FALSE,FALSE,Potentially applies,,Please consult funding source,PATH,UNOPSPartner,0,NOW(),0,FALSE,0
1152,Silatech,Active,Allowed,,,,,,,,Silatech,No,Yes,No,,FALSE,FALSE,Potentially applies,,Please consult funding source,Silatech,UNOPSPartner,0,NOW(),0,FALSE,0
1160,Tearfund,Active,Allowed,,,,,,,,Tearfund,No,Yes,No,,FALSE,FALSE,Potentially applies,,Please consult funding source,Tearfund,UNOPSPartner,0,NOW(),0,FALSE,0
1665,ClimateWorks Foundation,Active,Allowed,,,,,,,,ClimateWorks Foundation,No,Yes,No,,FALSE,FALSE,Potentially applies,,Please consult funding source,ClimateWorks Foundation,UNOPSPartner,0,NOW(),0,FALSE,0
1808,THPS Tanzania Health Promotion Support,Active,Allowed,,,,,,,,THPS,No,Yes,Yes,,FALSE,FALSE,Potentially applies,,Please consult funding source,THPS Tanzania Health Promotion Support,UNOPSPartner,0,NOW(),0,FALSE,0
1736,TMEA TradeMark East Africa,Active,Allowed,,,,,,,,TMEA,No,Yes,Yes,,FALSE,FALSE,Potentially applies,,Please consult funding source,TMEA TradeMark East Africa,UNOPSPartner,0,NOW(),0,FALSE,0
1159,TDH Terre des Hommes Italy,Active,Allowed,,,,,,,,TDH Italy,No,Yes,No,,FALSE,FALSE,Potentially applies,,Please consult funding source,TDH Terre des Hommes Italy,UNOPSPartner,0,NOW(),0,FALSE,0
1666,CRS Catholic Relief Services,Active,Allowed,,,,,,,,Catholic Relief Services,No,Yes,No,,FALSE,FALSE,Potentially applies,,Please consult funding source,CRS Catholic Relief Services,UNOPSPartner,0,NOW(),0,FALSE,0
1013,CBHF Clinton Bush Haiti Fund,Active,Allowed,,,,,,,,CBHF,No,Yes,No,,FALSE,FALSE,Potentially applies,,Please consult funding source,CBHF Clinton Bush Haiti Fund,UNOPSPartner,0,NOW(),0,FALSE,0
1794,One Earth,Active,Allowed,,,,,,,,One Earth,No,Yes,Yes,,FALSE,FALSE,Potentially applies,,Please consult funding source,One Earth,UNOPSPartner,0,NOW(),0,FALSE,0
1094,IsraAID Israel Forum for  International Humanitarian Aid,Active,Allowed,,,,,,,,IsraAID,No,Yes,No,,FALSE,FALSE,Potentially applies,,Please consult funding source,IsraAID Israel Forum for International Humanitarian Aid,UNOPSPartner,0,NOW(),0,FALSE,0
1663,Association IPE,Active,Allowed,,,,,,,,Association IPE,No,Yes,No,,FALSE,FALSE,Potentially applies,,Please consult funding source,Association IPE,UNOPSPartner,0,NOW(),0,FALSE,0
1797,LDSC Later Day Saints Charities,Active,Allowed,,,,,,,,LDSC,No,Yes,Yes,,FALSE,FALSE,Potentially applies,,Please consult funding source,LDSC Later Day Saints Charities,UNOPSPartner,0,NOW(),0,FALSE,0
1454,World Vision,Active,Allowed,,,,,,,,World Vision,No,Yes,No,,FALSE,FALSE,Potentially applies,,Please consult funding source,World Vision,UNOPSPartner,0,NOW(),0,FALSE,0
1655,MFSL Médecins Sans Frontières Logistics,Active,Allowed,,,,,,,,MSFL,No,Yes,No,,FALSE,FALSE,Potentially applies,,Please consult funding source,MFSL Médecins Sans Frontières Logistics,UNOPSPartner,0,NOW(),0,FALSE,0
1005,AmeriCares Foundation,Active,Not allowed,,,,,,,,AmeriCares Foundation,No,Yes,No,,FALSE,FALSE,Potentially applies,,Please consult funding source,AmeriCares Foundation,UNOPSPartner,0,NOW(),0,FALSE,0
1789,Center for Health Policies and Studies PAS Center,Active,Allowed,,,,,,,,PAS Center,No,Yes,Yes,,FALSE,FALSE,Potentially applies,,Please consult funding source,Center for Health Policies and Studies PAS Center,UNOPSPartner,0,NOW(),0,FALSE,0
1053,IRW Islamic Relief Worldwide,Active,Allowed,,,,,,,,IRW,No,Yes,No,,FALSE,FALSE,Potentially applies,,Please consult funding source,IRW Islamic Relief Worldwide,UNOPSPartner,0,NOW(),0,FALSE,0
1731,KNCV Koninklijke Nederlandse Centrale Vereniging tot bestrijding der Tuberculose,Active,Allowed,,,,,,,,KNCV,No,Yes,No,,FALSE,FALSE,Potentially applies,,Please consult funding source,KNCV Koninklijke Nederlandse Centrale Vereniging tot bestrijding der Tuberculose,UNOPSPartner,0,NOW(),0,FALSE,0
1721,PSI Population Services International,Active,Allowed,,,,,,,,PSI,No,Yes,Yes,,FALSE,FALSE,Potentially applies,,Please consult funding source,PSI Population Services International,UNOPSPartner,0,NOW(),0,FALSE,0
1584,OBR-NGO (National),Active,Not allowed,,,,,,,,OBR-NGO (National),No,Yes,No,,FALSE,FALSE,Potentially applies,,Please consult funding source,OBR-NGO (National),UNOPSPartner,0,NOW(),0,FALSE,0
1747,AFC Asian Football Confederation,Active,Allowed,,,,,,,,AFC,No,Yes,Yes,,FALSE,FALSE,Potentially applies,,Please consult funding source,AFC Asian Football Confederation,UNOPSPartner,0,NOW(),0,FALSE,0
1453,UMCOR United Methodist Committee on Relief,Active,Allowed,,,,,,,,UMCOR,No,Yes,No,,FALSE,FALSE,Potentially applies,,Please consult funding source,UMCOR United Methodist Committee on Relief,UNOPSPartner,0,NOW(),0,FALSE,0
1661,GCDP Global Commission on Drug Policy,Active,Allowed,,,,,,,,GCDP,No,Yes,No,,FALSE,FALSE,Potentially applies,,Please consult funding source,GCDP Global Commission on Drug Policy,UNOPSPartner,0,NOW(),0,FALSE,0
1673,Devnet International,Active,Allowed,,,,,,,,Devnet International,No,Yes,No,,FALSE,FALSE,Potentially applies,,Please consult funding source,Devnet International,UNOPSPartner,0,NOW(),0,FALSE,0
1451,Millennium Promise,Active,Allowed,,,,,,,,Millennium Promise,No,Yes,No,,FALSE,FALSE,Potentially applies,,Please consult funding source,Millennium Promise,UNOPSPartner,0,NOW(),0,FALSE,0
1450,American Red Cross,Active,Allowed,,,,,,,,American Red Cross,No,Yes,No,,FALSE,FALSE,Potentially applies,,Please consult funding source,American Red Cross,UNOPSPartner,0,NOW(),0,FALSE,0
1701,PBSP Philippine Business for Social Progress,Active,Allowed,,,,,,,,PBSP,No,Yes,No,,FALSE,FALSE,Potentially applies,,Please consult funding source,PBSP Philippine Business for Social Progress,UNOPSPartner,0,NOW(),0,FALSE,0
1744,National Geographic Society,Active,Allowed,,,,,,,,National Geographic Society,No,Yes,Yes,,FALSE,FALSE,Potentially applies,,Please consult funding source,National Geographic Society,UNOPSPartner,0,NOW(),0,FALSE,0
1052,Interpeace,Active,Allowed,,,,,,,,Interpeace,No,Yes,No,,FALSE,FALSE,Potentially applies,,Please consult funding source,Interpeace,UNOPSPartner,0,NOW(),0,FALSE,0
1050,IFA International Fertilizer Industry Association,Active,Allowed,,,,,,,,IFA,No,Yes,No,,FALSE,FALSE,Potentially applies,,Please consult funding source,IFA International Fertilizer Industry Association,UNOPSPartner,0,NOW(),0,FALSE,0
1012,Caritas Internationalis,Active,Not allowed,,,,,,,,Caritas Internationalis,No,Yes,No,,FALSE,FALSE,Potentially applies,,Please consult funding source,Caritas Internationalis,UNOPSPartner,0,NOW(),0,FALSE,0
1699,Sustainable Markets Foundation,Active,Allowed,,,,,,,,Sustainable Markets Foundation,No,Yes,No,,FALSE,FALSE,Potentially applies,,Please consult funding source,Sustainable Markets Foundation,UNOPSPartner,0,NOW(),0,FALSE,0
1814,SES Socios en Salud Sucursal Peru,Active,Allowed,,,,,,,,SES Peru,No,Yes,Yes,,FALSE,FALSE,Potentially applies,,Please consult funding source,SES Socios en Salud Sucursal Peru,UNOPSPartner,0,NOW(),0,FALSE,0
1037,FPN Fundacion Patagonia Natural,Active,Allowed,,,,,,,,FPN,No,Yes,No,,FALSE,FALSE,Potentially applies,,Please consult funding source,FPN Fundacion Patagonia Natural,UNOPSPartner,0,NOW(),0,FALSE,0
1668,Soins de santé primaires en milieu rural (SANRU),Active,Allowed,,,,,,,,SANRU,No,Yes,No,,FALSE,FALSE,Potentially applies,,Please consult funding source,Soins de santé primaires en milieu rural (SANRU),UNOPSPartner,0,NOW(),0,FALSE,0
1569,Hammer Forum,Active,Allowed,,,,,,,,Hammer Forum,No,Yes,No,,FALSE,FALSE,Potentially applies,,Please consult funding source,Hammer Forum,UNOPSPartner,0,NOW(),0,FALSE,0
1574,NAT-NGO Non-Governmental Organization,Active,Not allowed,,,,,,,,NAT-NGO,No,Yes,No,,FALSE,FALSE,Potentially applies,,Please consult funding source,NAT-NGO Non-Governmental Organization,UNOPSPartner,0,NOW(),0,FALSE,0
1771,CHAG Christian Health Association of Ghana,Active,Allowed,,,,,,,,CHAG,No,Yes,Yes,,FALSE,FALSE,Potentially applies,,Please consult funding source,CHAG Christian Health Association of Ghana,UNOPSPartner,0,NOW(),0,FALSE,0
1452,Save the Children,Active,Allowed,,,,,,,,Save the Children,No,Yes,No,,FALSE,FALSE,Potentially applies,,Please consult funding source,Save the Children,UNOPSPartner,0,NOW(),0,FALSE,0
1825,IFRC International Federation of Red Cross and Red Crescent Societies,Active,Allowed,,,,,,,,IFRC,No,Yes,Yes,,FALSE,FALSE,Potentially applies,,Please consult funding source,IFRC International Federation of Red Cross and Red Crescent Societies,UNOPSPartner,0,NOW(),0,FALSE,0
1714,QRCS Qatar Red Crescent Society,Active,Allowed,,,,,,,,QRCS,No,Yes,No,,FALSE,FALSE,Potentially applies,,Please consult funding source,QRCS Qatar Red Crescent Society,UNOPSPartner,0,NOW(),0,FALSE,0
1627,IRC International Rescue Committee,Active,Allowed,,,,,,,,IRC,No,Yes,No,,FALSE,FALSE,Potentially applies,,Please consult funding source,IRC International Rescue Committee,UNOPSPartner,0,NOW(),0,FALSE,0
1626,OXFAM International,Active,Allowed,,,,,,,,Oxfam,No,Yes,No,,FALSE,FALSE,Potentially applies,,Please consult funding source,OXFAM International,UNOPSPartner,0,NOW(),0,FALSE,0
1647,Woord en Daad,Active,Allowed,,,,,,,,Woord en Daad,No,Yes,No,,FALSE,FALSE,Potentially applies,,Please consult funding source,Woord en Daad,UNOPSPartner,0,NOW(),0,FALSE,0
1824,Amref Health Africa in Kenya,Active,Allowed,,,,,,,,Amref Health,No,Yes,Yes,,FALSE,FALSE,Potentially applies,,Please consult funding source,Amref Health Africa in Kenya,UNOPSPartner,0,NOW(),0,FALSE,0
1583,OBR-NGO (International),Active,Not allowed,,,,,,,,OBR-NGO (International),No,Yes,No,,FALSE,FALSE,Potentially applies,,Please consult funding source,OBR-NGO (International),UNOPSPartner,0,NOW(),0,FALSE,0
1155,SSACONG Congregation of the Sisters of Saint Anne,Active,Allowed,,,,,,,,SSACONG,No,Yes,No,,FALSE,FALSE,Potentially applies,,Please consult funding source,SSACONG Congregation of the Sisters of Saint Anne,UNOPSPartner,0,NOW(),0,FALSE,0
1667,RBM Roll Back Malaria,Active,Allowed,,,,,,,,RBM,Yes,No,No,,FALSE,FALSE,Does not apply,4) Pooled Fund,,RBM Roll Back Malaria,UNOPSPartner,0,NOW(),0,FALSE,0
1601,IUCN International Union for Conservation of Nature,Active,Allowed,,,,,,,,IUCN,No,Yes,No,,FALSE,FALSE,Potentially applies,,Please consult funding source,IUCN International Union for Conservation of Nature,UNOPSPartner,0,NOW(),0,FALSE,0
1047,IATI-TF International Aid Transparency Initiative Trust Fund,Active,Not allowed,,,,,,,,IATI Trust Fund,No,Yes,No,,FALSE,FALSE,Potentially applies,,Please consult funding source,IATI-TF International Aid Transparency Initiative Trust Fund,UNOPSPartner,0,NOW(),0,FALSE,0
1686,The Defeat-NCD Partnership,Active,Allowed,,,,,,,,Defeat-NCD Partnership,Yes,No,No,,FALSE,FALSE,Does not apply,4) Pooled Fund,,The Defeat-NCD Partnership,UNOPSPartner,0,NOW(),0,FALSE,0
1157,Stop TB Partnership,Active,Allowed,,,,,,,,Stop TB Partnership,Yes,No,No,,FALSE,FALSE,Does not apply,4) Pooled Fund,,Stop TB Partnership,UNOPSPartner,0,NOW(),0,FALSE,0
1672,SUN Scaling Up Nutrition Movement,Active,Allowed,,,,,,,,SUN,Yes,No,No,,FALSE,FALSE,Does not apply,4) Pooled Fund,,SUN Scaling Up Nutrition Movement,UNOPSPartner,0,NOW(),0,FALSE,0
1040,Global Alliance for Clean Cookstoves,Active,Allowed,,,,,,,,Global Alliance for Clean Cookstoves,No,Yes,No,,FALSE,FALSE,Potentially applies,,Please consult funding source,Global Alliance for Clean Cookstoves,UNOPSPartner,0,NOW(),0,FALSE,0
1662,GHL Global Humanitarian Lab,Active,Allowed,,,,,,,,GHL,No,Yes,No,,FALSE,FALSE,Potentially applies,,Please consult funding source,GHL Global Humanitarian Lab,UNOPSPartner,0,NOW(),0,FALSE,0
1046,IATI International Aid Transparency Initiative,Active,Allowed,,,,,,,,IATI,No,Yes,No,,FALSE,FALSE,Potentially applies,,Please consult funding source,IATI International Aid Transparency Initiative,UNOPSPartner,0,NOW(),0,FALSE,0
1820,CoNISMa Consorzio Nazionale Interuniversitario per le Scienze del Mare,Active,Allowed,,,,,,,,CoNISMa,No,Yes,Yes,,FALSE,FALSE,Potentially applies,,Please consult funding source,CoNISMa Consorzio Nazionale Interuniversitario per le Scienze del Mare,UNOPSPartner,0,NOW(),0,FALSE,0
1694,DIIS Danish Institute for International Studies,Active,Allowed,,,,,,,,Danish Institute for International Studi,No,Yes,No,,FALSE,FALSE,Potentially applies,,Please consult funding source,DIIS Danish Institute for International Studies,UNOPSPartner,0,NOW(),0,FALSE,0
1804,ITRC International Tuberculosis Research Center,Active,Allowed,,,,,,,,ITRC,No,Yes,Yes,,FALSE,FALSE,Potentially applies,,Please consult funding source,ITRC International Tuberculosis Research Center,UNOPSPartner,0,NOW(),0,FALSE,0
1692,University of Oxford,Active,Allowed,,,,,,,,University of Oxford,No,Yes,No,,FALSE,FALSE,Potentially applies,,Please consult funding source,University of Oxford,UNOPSPartner,0,NOW(),0,FALSE,0
1597,IFPRI International Food Policy Research Institute,Active,Allowed,,,,,,,,IFPRI,No,Yes,No,,FALSE,FALSE,Potentially applies,,Please consult funding source,IFPRI International Food Policy Research Institute,UNOPSPartner,0,NOW(),0,FALSE,0
1676,SwedBio Swedish International Biodiversity Programme,Active,Allowed,,,,,,,,SwedBio,No,Yes,No,,FALSE,FALSE,Potentially applies,,Please consult funding source,SwedBio Swedish International Biodiversity Programme,UNOPSPartner,0,NOW(),0,FALSE,0
1709,Columbia University,Active,Allowed,,,,,,,,Columbia University,No,Yes,No,,FALSE,FALSE,Potentially applies,,Please consult funding source,Columbia University,UNOPSPartner,0,NOW(),0,FALSE,0
1821,University of Genova,Active,Allowed,,,,,,,,University of Genova,No,Yes,Yes,,FALSE,FALSE,Potentially applies,,Please consult funding source,University of Genova,UNOPSPartner,0,NOW(),0,FALSE,0
1695,University of Notre Dame,Active,Allowed,,,,,,,,University of Notre Dame,No,Yes,No,,FALSE,FALSE,Potentially applies,,Please consult funding source,University of Notre Dame,UNOPSPartner,0,NOW(),0,FALSE,0
1640,UPNFM National Pedagogical University Francisco Morazan,Active,Allowed,,,,,,,,UPNFM,No,Yes,No,,FALSE,FALSE,Potentially applies,,Please consult funding source,UPNFM National Pedagogical University Francisco Morazan,UNOPSPartner,0,NOW(),0,FALSE,0
1830,LSTM Liverpool School of Tropical Medicine,Active,Allowed,,,,,,,,LSTM,No,Yes,Yes,,FALSE,FALSE,Potentially applies,,Please consult funding source,LSTM Liverpool School of Tropical Medicine,UNOPSPartner,0,NOW(),0,FALSE,0
1048,ICARDA International Center for Agricultural Research in the Dry Areas,Active,Allowed,,,,,,,,ICARDA,No,Yes,No,,FALSE,FALSE,Potentially applies,,Please consult funding source,ICARDA International Center for Agricultural Research in the Dry Areas,UNOPSPartner,0,NOW(),0,FALSE,0
1719,GELI Global Executive Leadership,Active,Allowed,,,,,,,,GELI,No,Yes,Yes,,FALSE,FALSE,Potentially applies,,Please consult funding source,GELI Global Executive Leadership,UNOPSPartner,0,NOW(),0,FALSE,0
1019,CLAEH Latin American Centre for Human Economy,Active,Allowed,,,,,,,,CLAEH,No,Yes,No,,FALSE,FALSE,Potentially applies,,Please consult funding source,CLAEH Latin American Centre for Human Economy,UNOPSPartner,0,NOW(),0,FALSE,0
1003,ACFE Association of Certified Fraud Examiners,Active,Allowed,,,,,,,,ACFE,No,Yes,No,,FALSE,FALSE,Potentially applies,,Please consult funding source,ACFE Association of Certified Fraud Examiners,UNOPSPartner,0,NOW(),0,FALSE,0
1443,IBRD International Bank of Reconstruction and Development,Active,Allowed,,,,,,,,IBRD,No,Yes,No,,FALSE,FALSE,Does not apply,3d) International Financial Institution,,WBG World Bank Group,UNOPSPartner,0,NOW(),0,FALSE,0
1547,IFC International Finance Corporation,Active,Allowed,,,,,,,,IFC,No,Yes,No,,FALSE,FALSE,Does not apply,3d) International Financial Institution,,WBG World Bank Group,UNOPSPartner,0,NOW(),0,FALSE,0
1444,IDA International Development Association,Active,Allowed,,,,,,,,IDA,No,Yes,No,,FALSE,FALSE,Does not apply,3d) International Financial Institution,,WBG World Bank Group,UNOPSPartner,0,NOW(),0,FALSE,0
1546,MIGA Multilateral Investment Guarantee Agency,Active,Allowed,,,,,,,,MIGA,No,Yes,No,,FALSE,FALSE,Does not apply,3d) International Financial Institution,,WBG World Bank Group,UNOPSPartner,0,NOW(),0,FALSE,0
1646,The World Bank,Active,Allowed,,,,,,,,WB,No,Yes,No,,FALSE,FALSE,Does not apply,3d) International Financial Institution,,WBG World Bank Group,UNOPSPartner,0,NOW(),0,FALSE,0
1628,ICSID International Centre for Settlement of Investment Disputes,Active,Allowed,,,,,,,,ICSID,No,Yes,No,,FALSE,FALSE,Does not apply,3d) International Financial Institution,,WBG World Bank Group,UNOPSPartner,0,NOW(),0,FALSE,0
1817,OFID OPEC Fund for International Development,Active,Allowed,,,,,,,,OFID,No,Yes,Yes,,FALSE,FALSE,Potentially applies,,Please consult funding source,OFID OPEC Fund for International Development,UNOPSPartner,0,NOW(),0,FALSE,0
1011,CAF Development Bank of Latin America,Active,Allowed,,,,,,,,CAF,No,Yes,No,,FALSE,FALSE,Does not apply,3d) International Financial Institution,,CAF Development Bank of Latin America,UNOPSPartner,0,NOW(),0,FALSE,0
1442,IADB Inter-American Development Bank,Active,Allowed,,,,,,,,IADB,No,Yes,No,,FALSE,FALSE,Does not apply,3d) International Financial Institution,,IADB Inter-American Development Bank,UNOPSPartner,0,NOW(),0,FALSE,0
1568,BCIE Central American Bank for Economic Integration,Active,Allowed,,,,,,,,BCIE,No,Yes,No,,FALSE,FALSE,Does not apply,3d) International Financial Institution,,BCIE Central American Bank for Economic Integration,UNOPSPartner,0,NOW(),0,FALSE,0
1571,IsDB Islamic Development Bank,Active,Allowed,,,,,,,,IsDB,No,Yes,No,,FALSE,FALSE,Does not apply,3d) International Financial Institution,,IsDB Islamic Development Bank,UNOPSPartner,0,NOW(),0,FALSE,0
1439,CDB Caribbean Development Bank,Active,Allowed,,,,,,,,CDB,No,Yes,No,,FALSE,FALSE,Does not apply,3d) International Financial Institution,,CDB Caribbean Development Bank,UNOPSPartner,0,NOW(),0,FALSE,0
1437,AfDB African Development Bank,Active,Allowed,,,,,,,,AFDB,No,Yes,No,,FALSE,FALSE,Does not apply,3d) International Financial Institution,,AfDB African Development Bank,UNOPSPartner,0,NOW(),0,FALSE,0
1438,ADB Asian Development Bank,Active,Allowed,,,,,,,,ADB,No,Yes,No,,FALSE,FALSE,Does not apply,3d) International Financial Institution,,ADB Asian Development Bank,UNOPSPartner,0,NOW(),0,FALSE,0
1441,EBRD European Bank for Reconstruction and Development,Active,Allowed,,,,,,,,EBRD,No,Yes,No,,FALSE,FALSE,Does not apply,3d) International Financial Institution,,EBRD European Bank for Reconstruction and Development,UNOPSPartner,0,NOW(),0,FALSE,0
1250,IMF International Monetary Fund,Active,Allowed,,,,,,,,IMF,No,No,No,,FALSE,FALSE,Does not apply,3b) Funds from UN entity,,IMF International Monetary Fund,UNOPSPartner,0,NOW(),0,FALSE,0
1572,AFESD Arab Fund for Economic and Social Development,Active,Allowed,,,,,,,,AFESD,No,Yes,No,,FALSE,FALSE,Does not apply,3d) International Financial Institution,,AFESD Arab Fund for Economic and Social Development,UNOPSPartner,0,NOW(),0,FALSE,0
1440,CFC Common Fund for Commodities,Active,Allowed,,,,,,,,CFC,No,Yes,No,,FALSE,FALSE,Does not apply,3d) International Financial Institution,,CFC Common Fund for Commodities,UNOPSPartner,0,NOW(),0,FALSE,0
1459,EIF-1 Enhanced Integrated Framework Phase 1,Active,Allowed,,,,,,,,EIF Phase 1,Yes,Yes,No,,FALSE,FALSE,Does not apply,4) Pooled Fund,,EIF Enhanced Integrated Framework,UNOPSPartner,0,NOW(),0,FALSE,0
1654,EIF-2 Enhanced Integrated Framework Phase 2,Active,Allowed,,,,,,,,EIF Phase 2,Yes,Yes,No,,FALSE,FALSE,Does not apply,4) Pooled Fund,,EIF Enhanced Integrated Framework,UNOPSPartner,0,NOW(),0,FALSE,0
1018,Cities Alliance,Active,Allowed,,,,,,,,Cities Alliance,Yes,No,No,,FALSE,FALSE,Does not apply,4) Pooled Fund,,Cities Alliance,UNOPSPartner,0,NOW(),0,FALSE,0
1045,GPE Global Partnership for Education,Active,Allowed,,,,,,,,GPE,No,Yes,No,,FALSE,FALSE,Does not apply,3a) Vertical Fund,,GPE Global Partnership for Education,UNOPSPartner,0,NOW(),0,FALSE,0
1054,SEforALL Sustainable Energy for All,Active,Allowed,,,,,,,,SEforALL,Yes,No,No,,FALSE,FALSE,Does not apply,4) Pooled Fund,,SEforALL Sustainable Energy for All,UNOPSPartner,0,NOW(),0,FALSE,0
1060,Nutrition International,Active,Allowed,,,,,,,,Nutrition International,No,Yes,No,,FALSE,FALSE,Does not apply,4) Pooled Fund,,Nutrition International,UNOPSPartner,0,NOW(),0,FALSE,0
1068,Nansen Initiative,Active,Allowed,,,,,,,,Nansen Initiative,No,Yes,No,,FALSE,FALSE,Does not apply,4) Pooled Fund,,Nansen Initiative,UNOPSPartner,0,NOW(),0,FALSE,0
1150,ARISE Private Sector Alliance for Disaster Resilient Societies (formerly R!SE),Active,Allowed,,,,,,,,ARISE,No,Yes,No,,FALSE,FALSE,Does not apply,4) Pooled Fund,,ARISE Private Sector Alliance for Disaster Resilient Societies (formerly R!SE),UNOPSPartner,0,NOW(),0,FALSE,0
1156,Somalia Stability Fund,Active,Allowed,,,,,,,,SSF,No,Yes,No,,FALSE,FALSE,Does not apply,4) Pooled Fund,,Somalia Stability Fund,UNOPSPartner,0,NOW(),0,FALSE,0
1172,UNITAID International Drug Purchase Facility,Active,Allowed,,,,,,,,UNITAID,No,Yes,No,,FALSE,FALSE,Does not apply,4) Pooled Fund,,UNITAID International Drug Purchase Facility,UNOPSPartner,0,NOW(),0,FALSE,0
1242,WSSCC Water Supply and Sanitation Collaborative Council,Active,Allowed,,,,,,,,WSSCC,Yes,No,No,,FALSE,FALSE,Does not apply,4) Pooled Fund,,WSSCC Water Supply and Sanitation Collaborative Council,UNOPSPartner,0,NOW(),0,FALSE,0
1445,GAVI Global Alliance for Vaccination and Immunization,Active,Allowed,,,,,,,,GAVI,No,Yes,No,,FALSE,FALSE,Does not apply,3a) Vertical Fund,,GAVI Global Alliance for Vaccination and Immunization,UNOPSPartner,0,NOW(),0,FALSE,0
1447,GEF Global Environment Facility,Active,Allowed,,,,,,,,GEF,Yes,Yes,No,,FALSE,FALSE,Does not apply,3a / 4) Vertical Fund / Pooled Fund,,GEF Global Environment Facility,UNOPSPartner,0,NOW(),0,FALSE,0
1458,3DF Three Disease Fund - EDIT BY SYS ADMIN Test with Lars again,Active,Allowed,,,,,,,,3DF,Yes,Yes,No,,FALSE,FALSE,Does not apply,4) Pooled Fund,,3DF Three Disease Fund,UNOPSPartner,0,NOW(),0,FALSE,0
1460,LIFT Livelihoods and Food Security Fund,Active,Allowed,,,,,,,,LIFT,Yes,No,No,,FALSE,FALSE,Does not apply,4) Pooled Fund,,LIFT Livelihoods and Food Security Fund,UNOPSPartner,0,NOW(),0,FALSE,0
1462,PONREPP-TF Post-Nargis Response and Preparedness Plan Trust Fund,Active,Allowed,,,,,,,,PONREPP-TF,No,Yes,No,,FALSE,FALSE,Does not apply,4) Pooled Fund,,PONREPP-TF Post-Nargis Response and Preparedness Plan Trust Fund,UNOPSPartner,0,NOW(),0,FALSE,0
1592,DAG Development Assistance Group,Active,Allowed,,,,,,,,DAG,No,Yes,No,,FALSE,FALSE,Does not apply,3b) Funds from UN entity,,DAG Development Assistance Group,UNOPSPartner,0,NOW(),0,FALSE,0
1606,AF Adaptation Fund,Active,Allowed,,,,,,,,Adaptation Fund,No,Yes,No,,FALSE,FALSE,Does not apply,3a) Vertical Fund,,AF Adaptation Fund,UNOPSPartner,0,NOW(),0,FALSE,0
1607,Montreal Protocol,Active,Allowed,,,,,,,,Montreal Protocol,No,Yes,No,,FALSE,FALSE,Does not apply,3a) Vertical Fund,,Montreal Protocol,UNOPSPartner,0,NOW(),0,FALSE,0
1650,JPF Joint Peace Fund,Active,Allowed,,,,,,,,JPF,Yes,Yes,No,,FALSE,FALSE,Does not apply,4) Pooled Fund,,JPF Joint Peace Fund,UNOPSPartner,0,NOW(),0,FALSE,0
1683,ICMPD International Centre for Migration Policy Development,Active,Allowed,,,,,,,,ICMPD,No,Yes,No,,FALSE,FALSE,Does not apply,4) Pooled Fund,,ICMPD International Centre for Migration Policy Development,UNOPSPartner,0,NOW(),0,FALSE,0
1698,JPP Somalia Joint Police Programme,Active,Allowed,,,,,,,,Somalia JPP,Yes,No,No,,FALSE,FALSE,Does not apply,4) Pooled Fund,,JPP Somalia Joint Police Programme,UNOPSPartner,0,NOW(),0,FALSE,0
1717,ICAT Initiative for Climate Action Transparency,Active,Allowed,,,,,,,,ICAT,Yes,No,No,,FALSE,FALSE,Does not apply,4) Pooled Fund,,ICAT Initiative for Climate Action Transparency,UNOPSPartner,0,NOW(),0,FALSE,0
1729,Energy Transition Partnership,Active,Allowed,,,,,,,,ETP,Yes,No,No,,FALSE,FALSE,Does not apply,4) Pooled Fund,,Energy Transition Partnership,UNOPSPartner,0,NOW(),0,FALSE,0
1730,Peace Process Support - The Secretariat,Active,Allowed,,,,,,,,Peace Process Support Secretariat,Yes,No,No,,FALSE,FALSE,Does not apply,4) Pooled Fund,,Peace Process Support - The Secretariat,UNOPSPartner,0,NOW(),0,FALSE,0
1756,The Climate Vulnerable Forum & Vulnerable Twenty Group of Ministers of Finance,Active,Allowed,,,,,,,,CVF/V20,Yes,No,No,,FALSE,FALSE,Does not apply,4) Pooled Fund,,The Climate Vulnerable Forum & Vulnerable Twenty Group of Ministers of Finance,UNOPSPartner,0,NOW(),0,FALSE,0
1763,Joint Support to Somaliland National Electoral Commission,Active,Allowed,,,,,,,,Joint Support to Somaliland NEC,Yes,No,No,,FALSE,FALSE,Does not apply,4) Pooled Fund,,Joint Support to Somaliland National Electoral Commission,UNOPSPartner,0,NOW(),0,FALSE,0
1774,SHF Sanitation and Hygiene Fund,Active,Allowed,,,,,,,,SHF,Yes,Yes,Yes,,FALSE,FALSE,Does not apply,4) Pooled Fund,,SHF Sanitation and Hygiene Fund,UNOPSPartner,0,NOW(),0,FALSE,0
1778,CMI Center for Mediterranean Integration,Active,Allowed,,,,,,,,CMI,Yes,Yes,Yes,,FALSE,FALSE,Does not apply,4) Pooled Fund,,CMI Center for Mediterranean Integration,UNOPSPartner,0,NOW(),0,FALSE,0
1782,"ATscale, the Global Partnership for Assistive Technology",Active,Allowed,,,,,,,,ATScale,Yes,No,No,,FALSE,FALSE,Does not apply,4) Pooled Fund,,"ATscale, the Global Partnership for Assistive Technology",UNOPSPartner,0,NOW(),0,FALSE,0
1790,NDC Partnership Fund,Active,Allowed,,,,,,,,NDCP,Yes,No,No,,FALSE,FALSE,Does not apply,4) Pooled Fund,,NDC Partnership Fund,UNOPSPartner,0,NOW(),0,FALSE,0
1448,"GFATM Global Fund to Fight AIDS, Tuberculosis and Malaria",Active,Allowed,,,,,,,,GFATM,No,Yes,No,,FALSE,FALSE,Does not apply,3a) Vertical Fund,,"GFATM Global Fund to Fight Aids, Tuberculosis and Malaria",UNOPSPartner,0,NOW(),0,FALSE,0
1679,GFATM-AID Global Fund to fight AIDS,Active,Allowed,,,,,,,,GFATM-AID,No,Yes,No,,FALSE,FALSE,Does not apply,3a) Vertical Fund,,"GFATM Global Fund to Fight Aids, Tuberculosis and Malaria",UNOPSPartner,0,NOW(),0,FALSE,0
1680,GFATM-TUB Global Fund to fight Tuberculosis,Active,Allowed,,,,,,,,GFATM-MAL,No,Yes,No,,FALSE,FALSE,Does not apply,3a) Vertical Fund,,"GFATM Global Fund to Fight Aids, Tuberculosis and Malaria",UNOPSPartner,0,NOW(),0,FALSE,0
1681,GFATM-MAL Global Fund to fight Malaria,Active,Allowed,,,,,,,,GFATM-TUB,No,Yes,No,,FALSE,FALSE,Does not apply,3a) Vertical Fund,,"GFATM Global Fund to Fight Aids, Tuberculosis and Malaria",UNOPSPartner,0,NOW(),0,FALSE,0
1687,Myanmar Access to Health,Active,Allowed,,,,,,,,Myanmar Access to Health,Yes,No,No,,FALSE,FALSE,Does not apply,4) Pooled Fund,,3MDG/Myanmar Access for Health,UNOPSPartner,0,NOW(),0,FALSE,0
1001,3MDG Three Millennium Development Goal Fund - edit by admin,Active,Allowed,,,,,,,,3MDG,Yes,Yes,No,,FALSE,FALSE,Does not apply,4) Pooled Fund,,WHO / PAHO World Health Organization incl. PAHO,UNOPSPartner,0,NOW(),0,FALSE,0
1648,AU African Union,Active,Not allowed,,,,,,,,African Union,No,Yes,No,,FALSE,FALSE,Potentially applies,,Please consult funding source,AU African Union,UNOPSPartner,0,NOW(),0,FALSE,0
1006,AMISOM African Union Mission in Somalia,Active,Not allowed,,,,,,,,AMISOM,No,Yes,No,,FALSE,FALSE,Potentially applies,,Please consult funding source,AU African Union,UNOPSPartner,0,NOW(),0,FALSE,0
1165,UNAMID African Union-United Nations Hybrid Operation in Darfur,Active,Allowed,,,,,,,,UNAMID,No,Yes,No,,FALSE,FALSE,Potentially applies,,Please consult funding source,AU African Union,UNOPSPartner,0,NOW(),0,FALSE,0
1434,AU African Union,Active,Allowed,,,,,,,,African Union,No,Yes,No,,FALSE,FALSE,Potentially applies,,Please consult funding source,AU African Union,UNOPSPartner,0,NOW(),0,FALSE,0
1739,IcSP Instrument contributing to Stability and Peace,Active,Allowed,,,,,,,,IcSP,No,Yes,Yes,,FALSE,FALSE,Potentially applies,,Funding source administers directly (no changes required to the partner agreement),EU European Union,UNOPSPartner,0,NOW(),0,FALSE,0
1026,DG NEAR Directorate-General for Neighbourhood and Enlargement Negotiations,Active,Allowed,,,,,,,,EC DG NEAR,No,Yes,No,,FALSE,FALSE,Potentially applies,,Funding source administers directly (no changes required to the partner agreement),EU European Union,UNOPSPartner,0,NOW(),0,FALSE,0
1032,EIB European Investment Bank,Active,Allowed,,,,,,,,EIB,No,Yes,No,,FALSE,FALSE,Potentially applies,,Please consult funding source,EU European Union,UNOPSPartner,0,NOW(),0,FALSE,0
1031,EEAS European External Action Service,Active,Allowed,,,,,,,,EEAS,No,Yes,No,,FALSE,FALSE,Potentially applies,,Funding source administers directly (no changes required to the partner agreement),EU European Union,UNOPSPartner,0,NOW(),0,FALSE,0
1029,DG ECHO Directorate-General for European Civil Protection and Humanitarian Aid Operations,Active,Allowed,,,,,,,,EC DG ECHO,No,Yes,No,,FALSE,FALSE,Potentially applies,,Funding source administers directly (no changes required to the partner agreement),EU European Union,UNOPSPartner,0,NOW(),0,FALSE,0
1649,EC European Commission (other),Active,Allowed,,,,,,,,EC - Other,No,Yes,No,,FALSE,FALSE,Potentially applies,,Funding source administers directly (no changes required to the partner agreement),EU European Union,UNOPSPartner,0,NOW(),0,FALSE,0
1025,DG INTPA Directorate-General for International Partnerships (formerly DG DEVCO),Active,Allowed,,,,,,,,EC DG INTPA,No,Yes,No,,FALSE,FALSE,Potentially applies,,Funding source administers directly (no changes required to the partner agreement),EU European Union,UNOPSPartner,0,NOW(),0,FALSE,0
1004,ARC African Risk Capacity,Active,Not allowed,,,,,,,,African Risk Capacity,No,Yes,No,,FALSE,FALSE,Potentially applies,,Please consult funding source,ARC African Risk Capacity,UNOPSPartner,0,NOW(),0,FALSE,0
1010,CAC Central American Agricultural Council,Active,Not allowed,,,,,,,,CAC,No,Yes,No,,FALSE,FALSE,Potentially applies,,Please consult funding source,CAC Central American Agricultural Council,UNOPSPartner,0,NOW(),0,FALSE,0
1017,CILSS Permanent Inter-State Committee on Drought Control in the Sahel,Active,Allowed,,,,,,,,CILSS,No,Yes,No,,FALSE,FALSE,Potentially applies,,Please consult funding source,CILSS Permanent Inter-State Committee on Drought Control in the Sahel,UNOPSPartner,0,NOW(),0,FALSE,0
1028,UN ECCAS Economic Community of Central African States,Active,Allowed,,,,,,,,UN ECCAS,No,Yes,No,,FALSE,FALSE,Potentially applies,,Please consult funding source,UN ECCAS Economic Community of Central African States,UNOPSPartner,0,NOW(),0,FALSE,0
1030,ECOWAS Economic Community of West African States,Active,Allowed,,,,,,,,ECOWAS,No,Yes,No,,FALSE,FALSE,Potentially applies,,Please consult funding source,ECOWAS Economic Community of West African States,UNOPSPartner,0,NOW(),0,FALSE,0
1039,G77 Group of 77,Active,Allowed,,,,,,,,G77,No,Yes,No,,FALSE,FALSE,Potentially applies,,Please consult funding source,G77 Group of 77,UNOPSPartner,0,NOW(),0,FALSE,0
1042,GFDRR Global Facility for Disaster Reduction and Recovery,Active,Allowed,,,,,,,,GFDRR,Yes,Yes,No,,FALSE,FALSE,Does not apply,4) Pooled Fund,,GFDRR Global Facility for Disaster Reduction and Recovery,UNOPSPartner,0,NOW(),0,FALSE,0
1044,GLOBE International Global Legislators Organisation,Active,Allowed,,,,,,,,GLOBE,No,Yes,No,,FALSE,FALSE,Potentially applies,,Please consult funding source,GLOBE International Global Legislators Organisation,UNOPSPartner,0,NOW(),0,FALSE,0
1051,IGAD Intergovernmental Authority on Development,Active,Allowed,,,,,,,,IGAD,No,Yes,No,,FALSE,FALSE,Potentially applies,,Please consult funding source,IGAD Intergovernmental Authority on Development,UNOPSPartner,0,NOW(),0,FALSE,0
1059,MERCOSUR Southern Common Market,Active,Allowed,,,,,,,,MERCOSUR,No,Yes,No,,FALSE,FALSE,Potentially applies,,Please consult funding source,MERCOSUR Southern Common Market,UNOPSPartner,0,NOW(),0,FALSE,0
1069,OECD Organisation for Economic Co-operation and Development,Active,Allowed,,,,,,,,OECD,No,Yes,No,,FALSE,FALSE,Potentially applies,,Please consult funding source,OECD Organisation for Economic Co-operation and Development,UNOPSPartner,0,NOW(),0,FALSE,0
1070,OIRSA Organismo Internacional Regional De Sanidad Agropecuaria,Active,Not allowed,,,,,,,,OIRSA,No,Yes,No,,FALSE,FALSE,Potentially applies,,Please consult funding source,OIRSA Organismo Internacional Regional De Sanidad Agropecuaria,UNOPSPartner,0,NOW(),0,FALSE,0
1161,UEMOA West African Economic and Monetary Union,Active,Allowed,,,,,,,,UEMOA,No,Yes,No,,FALSE,FALSE,Potentially applies,,Please consult funding source,UEMOA West African Economic and Monetary Union,UNOPSPartner,0,NOW(),0,FALSE,0
1231,IRENA International Renewable Energy Agency,Active,Allowed,,,,,,,,IRENA,No,Yes,No,,FALSE,FALSE,Potentially applies,,Please consult funding source,IRENA International Renewable Energy Agency,UNOPSPartner,0,NOW(),0,FALSE,0
1253,CTBTO Preparatory Commission for the Nuclear-Test-Ban Treaty Organization,Active,Allowed,,,,,,,,CTBTO,No,Yes,No,,FALSE,FALSE,Potentially applies,,Please consult funding source,CTBTO Preparatory Commission for the Nuclear-Test-Ban Treaty Organization,UNOPSPartner,0,NOW(),0,FALSE,0
1435,NBI Nile Basin Initiative,Active,Allowed,,,,,,,,NBI,No,Yes,No,,FALSE,FALSE,Potentially applies,,Please consult funding source,NBI Nile Basin Initiative,UNOPSPartner,0,NOW(),0,FALSE,0
1436,SADC Southern African Development Community,Active,Allowed,,,,,,,,SADC,No,Yes,No,,FALSE,FALSE,Potentially applies,,Please consult funding source,SADC Southern African Development Community,UNOPSPartner,0,NOW(),0,FALSE,0
1449,OSCE Organization for Security and Co-operation in Europe,Active,Allowed,,,,,,,,OSCE,No,Yes,No,,FALSE,FALSE,Potentially applies,,Please consult funding source,OSCE Organization for Security and Co-operation in Europe,UNOPSPartner,0,NOW(),0,FALSE,0
1577,OECS Organisation of Eastern Caribbean States,Active,Allowed,,,,,,,,OECS,No,Yes,No,,FALSE,FALSE,Potentially applies,,Please consult funding source,OECS Organisation of Eastern Caribbean States,UNOPSPartner,0,NOW(),0,FALSE,0
1578,OPEC Organization of the Petroleum Exporting Countries,Active,Allowed,,,,,,,,OPEC,No,Yes,No,,FALSE,FALSE,Potentially applies,,Please consult funding source,OPEC Organization of the Petroleum Exporting Countries,UNOPSPartner,0,NOW(),0,FALSE,0
1591,Nordic Development Fund,Active,Allowed,,,,,,,,Nordic Development Fund,No,Yes,No,,FALSE,FALSE,Potentially applies,,Please consult funding source,Nordic Development Fund,UNOPSPartner,0,NOW(),0,FALSE,0
1603,PIFS Pacific Islands Forum Secretariat,Active,Allowed,,,,,,,,PIFS,No,Yes,No,,FALSE,FALSE,Potentially applies,,Please consult funding source,PIFS Pacific Islands Forum Secretariat,UNOPSPartner,0,NOW(),0,FALSE,0
1604,OIF Organisation internationale de la Francophonie,Active,Allowed,,,,,,,,OIF,No,Yes,No,,FALSE,FALSE,Potentially applies,,Please consult funding source,OIF Organisation internationale de la Francophonie,UNOPSPartner,0,NOW(),0,FALSE,0
1653,Office of the Quartet,Active,Allowed,,,,,,,,Office of the Quartet,No,Yes,No,,FALSE,FALSE,Potentially applies,,Please consult funding source,Office of the Quartet,UNOPSPartner,0,NOW(),0,FALSE,0
1660,ICC International Criminal Court,Active,Allowed,,,,,,,,ICC,No,Yes,No,,FALSE,FALSE,Potentially applies,,Please consult funding source,ICC International Criminal Court,UNOPSPartner,0,NOW(),0,FALSE,0
1674,Itaipu Binacional,Active,Allowed,,,,,,,,Itaipu Binacional,No,Yes,No,,FALSE,FALSE,Does not apply,3c) Programme Country,,Itaipu Binacional,UNOPSPartner,0,NOW(),0,FALSE,0
1675,G5 Sahel Group of Five for the Sahel,Active,Allowed,,,,,,,,G5 Sahel,No,Yes,No,,FALSE,FALSE,Potentially applies,,Please consult funding source,G5 Sahel Group of Five for the Sahel,UNOPSPartner,0,NOW(),0,FALSE,0
1689,RSHQ Resolute Support HQ – NATO,Active,Allowed,,,,,,,,RSHQ,No,Yes,No,,FALSE,FALSE,Potentially applies,,Please consult funding source,RSHQ Resolute Support HQ – NATO,UNOPSPartner,0,NOW(),0,FALSE,0
1704,C40 Climate Leadership Group,Active,Allowed,,,,,,,,C40,No,Yes,No,,FALSE,FALSE,Potentially applies,,Please consult funding source,C40 Climate Leadership Group,UNOPSPartner,0,NOW(),0,FALSE,0
1792,ISA International Solar Alliance,Active,Allowed,,,,,,,,ISA,No,Yes,Yes,,FALSE,FALSE,Potentially applies,,Please consult funding source,ISA International Solar Alliance,UNOPSPartner,0,NOW(),0,FALSE,0
1802,"ECSAHC East, Central, and Southern Africa Health Community",Active,Allowed,,,,,,,,ECSAHC,No,Yes,Yes,,FALSE,FALSE,Potentially applies,,Please consult funding source,"ECSAHC East, Central, and Southern Africa Health Community",UNOPSPartner,0,NOW(),0,FALSE,0
1806,SACEP South Asia Cooperative Environment Programme,Active,Allowed,,,,,,,,SACEP,No,Yes,Yes,,FALSE,FALSE,Potentially applies,,Please consult funding source,SACEP South Asia Cooperative Environment Programme,UNOPSPartner,0,NOW(),0,FALSE,0
1807,EBY Entidad Binacional Yacyretá,Active,Allowed,,,,,,,,EBY,No,Yes,Yes,,FALSE,FALSE,Potentially applies,,Please consult funding source,EBY Entidad Binacional Yacyretá,UNOPSPartner,0,NOW(),0,FALSE,0
1811,ASEAN Association of Southeast Asian Nations,Active,Allowed,,,,,,,,ASEAN,No,Yes,Yes,,FALSE,FALSE,Potentially applies,,Please consult funding source,ASEAN Association of Southeast Asian Nations,UNOPSPartner,0,NOW(),0,FALSE,0
1826,AGFUND Arab Gulf Fund for Development,Active,Allowed,,,,,,,,AGFUND,No,Yes,Yes,,FALSE,FALSE,Potentially applies,,Please consult funding source,AGFUND Arab Gulf Fund for Development,UNOPSPartner,0,NOW(),0,FALSE,0
8002,Test Partner Account,Active,Allowed,,,,,,,,TPA,No,Yes,Yes,,FALSE,FALSE,Potentially does not apply,,,3DF Three Disease Fund,UNOPSPartner,0,NOW(),0,FALSE,0
1831,Test Partner Account,Active,Allowed,,,,,,,,TPA,No,Yes,Yes,,FALSE,FALSE,Potentially does not apply,,,3DF Three Disease Fund,UNOPSPartner,0,NOW(),0,FALSE,0
10000,Test Partner Account,Active,Allowed,,,,,,,,TPA,No,Yes,Yes,,FALSE,FALSE,Potentially does not apply,,,3DF Three Disease Fund,UNOPSPartner,0,NOW(),0,FALSE,0
1832,QA ADMIN PROSPECT ACCOUNT E2E - AUTOMATED - NOW PARTNER,Active,Allowed,123456789,,STREET,CITY,STATE,CODE,COUNTRY,QA_Partner,Yes,Yes,Yes,EAC REF,FALSE,FALSE,Potentially does not apply,,,ECEAP Estonian Center for Eastern Partnership,UNOPSPartner,0,NOW(),0,FALSE,0
1834,ADM - BRANCH ACC KOREA - E2E - now partner,Active,Allowed,23213123,WWW.GOOGLE.COM,,,,,,QA_Partner,No,Yes,Yes,EAC REF,FALSE,FALSE,Potentially does not apply,3a) Vertical Fund,Please consult funding source,South Korea,UNOPSPartner,0,NOW(),0,FALSE,0
1833,ADM - PARTNER ACC - E2E,Active,Allowed,12343224,WWW.GOOGLE.COM,Soi Witthayu 1,,,10330,Thailand,QA,Yes,Yes,Yes,EAC,FALSE,FALSE,Potentially does not apply,,,3MDG/Myanmar Access for Health,UNOPSPartner,0,NOW(),0,FALSE,0
1834,ADM - PROSPECT ACC - E2E - GMAIL EXT - NOW PARTNER,Active,Allowed,3221421,WWW.GOOGLE.COM,Jaipur Golden Hospital Road,Delhi,DL,110085,India,QA_Partner,No,No,No,,FALSE,FALSE,Potentially does not apply,,,ADM - PRTNR CTGRY,UNOPSPartner,0,NOW(),0,FALSE,0
1835,Testing with Lars,Active,Allowed,,,,,,,,Testing with Lars,No,No,Yes,,FALSE,FALSE,Potentially does not apply,,,Albania,UNOPSPartner,0,NOW(),0,FALSE,0
1836,ADM - PARTNER ACC,Inactive,Allowed,23331,WWW.GOOGLE.COM,"Princes Park, Tilak Marg, Delhi High Court, India Gate, New Delhi, Delhi Division",New Delhi,Delhi,110001,IN,TEST01,Yes,Yes,Yes,,FALSE,FALSE,Potentially does not apply,,,South Korea,UNOPSPartner,0,NOW(),0,FALSE,0
1837,ADM - PARTNR ACC - PARTNR DONOR CODE,Active,Allowed,122132344,WWW.GOOGLE.COM,,,,,,TEST01,Yes,Yes,Yes,,FALSE,FALSE,Potentially does not apply,,,Democratic People's Republic of Korea,UNOPSPartner,0,NOW(),0,FALSE,0
1841,Test Prospect account,Inactive,Allowed,,,,,,,,now partner,Yes,Yes,Yes,,FALSE,FALSE,Potentially does not apply,,,CTBTO Preparatory Commission for the Nuclear-Test-Ban Treaty Organization,UNOPSPartner,0,NOW(),0,FALSE,0
1840,QA Partner Acc,Active,Allowed,,,,,,,,QPA,Yes,No,No,,FALSE,FALSE,Potentially does not apply,,,France,UNOPSPartner,0,NOW(),0,FALSE,0
1838,ADM - PRTNR ACCNT - E2E,Active,Allowed,34434243,w.gool123,"Princes Park, Tilak Marg, Delhi High Court, India Gate, New Delhi, Delhi Division",New Delhi,Delhi,110001,IN,SHORT001,Yes,Yes,Yes,EAC,FALSE,FALSE,Potentially does not apply,,,Sweden,UNOPSPartner,0,NOW(),0,FALSE,0
1839,Testing OUP-4582,Active,Allowed,,,,,,,,4582,Yes,Yes,Yes,,FALSE,FALSE,Potentially does not apply,,,DC QA,UNOPSPartner,0,NOW(),0,FALSE,0
1842,BRANCH ACCNT TO PRTNR - E2E AUTO C3pTdni,Active,Allowed,,,,,,,,E2E QA jyF,Yes,Yes,Yes,,FALSE,FALSE,Potentially does not apply,,,UK United Kingdom,UNOPSPartner,0,NOW(),0,FALSE,0
1843,DC QA Partner Account,Active,Allowed,,,,,,,,DCQA,Yes,Yes,Yes,,FALSE,FALSE,Potentially does not apply,,,DC QA,UNOPSPartner,0,NOW(),0,FALSE,0
1849,BRANCH ACCNT TO PRTNR - E2E AUTO w9XPNbV,Active,Allowed,,,,,,,,E2E QA Bkh,Yes,No,No,,FALSE,FALSE,Potentially does not apply,,,UK United Kingdom,UNOPSPartner,0,NOW(),0,FALSE,0
1851,Branch2Partner Account - Integration Test,Active,Allowed,,,,,,,,B2P,Yes,Yes,Yes,,FALSE,FALSE,Does not apply,,,Chinese Red Cross Foundation,UNOPSPartner,0,NOW(),0,FALSE,0
1848,E2E Prospect2Partner - AUTO YXTjdbo,Active,Allowed,,,,,,,,E2E QA Qoz,Yes,No,Yes,,FALSE,FALSE,Potentially does not apply,,,UK United Kingdom,UNOPSPartner,0,NOW(),0,FALSE,0
1845,E2E Prospect2Partner - AUTO EThfErH,Active,Allowed,,,,,,,,E2E QA aM3,Yes,No,No,,FALSE,FALSE,Potentially does not apply,,,UK United Kingdom,UNOPSPartner,0,NOW(),0,FALSE,0
1844,E2E Partner Account - automated VITvJjt,Active,Allowed,,,,,,,,QA WO7E,Yes,Yes,Yes,,FALSE,FALSE,Potentially does not apply,,,ARISE Private Sector Alliance for Disaster Resilient Societies (formerly R!SE),UNOPSPartner,0,NOW(),0,FALSE,0
1847,E2E Partner Account - EDITED,Active,Allowed,,,,,,,,QA UqFo,Yes,Yes,Yes,,FALSE,FALSE,Potentially does not apply,,,ARISE Private Sector Alliance for Disaster Resilient Societies (formerly R!SE),UNOPSPartner,0,NOW(),0,FALSE,0
1846,BRANCH ACCNT TO PRTNR - E2E AUTO IFrc5W5,Active,Allowed,,,,,,,,E2E QA hSr,Yes,No,No,,FALSE,FALSE,Potentially does not apply,,,UK United Kingdom,UNOPSPartner,0,NOW(),0,FALSE,0
1850,Integration Test Partner Account,Active,Allowed,,,,,,,,SIT TEST,No,No,No,,FALSE,FALSE,Potentially does not apply,,,Thailand,UNOPSPartner,0,NOW(),0,FALSE,0
1853,E2E Partner Account - automated FpXb18R,Active,Allowed,,,,,,,,QA HuMu,Yes,No,Yes,,FALSE,FALSE,Potentially does not apply,,,ARISE Private Sector Alliance for Disaster Resilient Societies (formerly R!SE),UNOPSPartner,0,NOW(),0,FALSE,0
1852,Prospect2Partner - Integration test,Active,Allowed,,,,,,,,P2P,No,Yes,Yes,,FALSE,FALSE,Potentially does not apply,,,University of Oxford,UNOPSPartner,0,NOW(),0,FALSE,0
1854,E2E Partner Account - EDITED,Active,Allowed,,,,,,,,QA nNIb,Yes,Yes,Yes,,FALSE,FALSE,Potentially does not apply,,,ARISE Private Sector Alliance for Disaster Resilient Societies (formerly R!SE),UNOPSPartner,0,NOW(),0,FALSE,0
1856,BRANCH ACCNT TO PRTNR - E2E AUTO BtLl3Kc,Active,Allowed,,,,,,,,E2E QA IHk,Yes,No,Yes,,FALSE,FALSE,Potentially does not apply,,,UK United Kingdom,UNOPSPartner,0,NOW(),0,FALSE,0
1855,E2E Prospect2Partner - AUTO dIgVIMs,Active,Allowed,,,,,,,,E2E QA fwC,Yes,No,No,,FALSE,FALSE,Potentially does not apply,,,UK United Kingdom,UNOPSPartner,0,NOW(),0,FALSE,0
9012,IPSAS Accounting,Active,Allowed,,,,,,,,IPSAS Accounting,No,No,No,,FALSE,FALSE,Does not apply,,,UNOPS United Nations Office for Project Services,UNOPSPartner,0,NOW(),0,FALSE,0